# Created by Metasequoia

v -99.061707 22.644464 4.675140
v -99.061707 22.644464 -5.167260
v -91.747063 16.058353 4.675140
v -91.747063 16.058353 -5.167260
v -105.647820 15.329827 -5.167260
v -105.647820 15.329827 4.675140
v -85.161224 23.372663 4.675140
v -85.161224 23.372663 -5.167260
v -77.846893 16.786829 4.675140
v -77.846893 16.786829 -5.167260
v -112.962158 21.915688 4.675140
v -112.962158 21.915688 -5.167260
v -119.548012 14.601366 -5.167260
v -119.548012 14.601366 4.675140
v -126.862358 21.187210 4.675140
v -126.862358 21.187210 -5.167260
v -90.290359 -11.742290 4.675140
v -82.975739 -18.328409 4.675140
v -90.290359 -11.742290 -5.167260
v -82.975739 -18.328409 -5.167260
v -133.448212 13.872867 -5.167260
v -133.448212 13.872867 4.675140
v -96.876228 -19.056641 4.675140
v -96.876228 -19.056641 -5.167260
v -76.389877 -11.014099 4.675140
v -76.389877 -11.014099 -5.167260
v -69.075584 -17.599926 4.675140
v -69.075584 -17.599926 -5.167260
v -71.261047 24.101166 4.675140
v -71.261047 24.101166 -5.167260
v -63.946709 17.515312 4.675140
v -63.946709 17.515312 -5.167260
v -140.762558 20.458723 4.675140
v -140.762558 20.458723 -5.167260
v -147.348633 13.144124 -5.167260
v -147.348633 13.144124 4.675140
v -159.791809 -15.384741 4.675140
v -159.791809 -15.384741 -5.167260
v -166.436798 -22.764748 4.675140
v -166.436798 -22.764748 -5.167260
v -152.477539 -21.970589 4.675140
v -152.477539 -21.970589 -5.167260
v -188.380127 -3.006946 4.675140
v -188.380127 -3.006946 -5.167260
v -145.891647 -14.656250 4.675140
v -138.577301 -21.242105 4.675140
v -145.891647 -14.656250 -5.167260
v -138.577301 -21.242105 -5.167260
v -154.663269 19.730232 -5.167260
v -154.663269 19.730232 4.675140
v -161.249084 12.415897 -5.167260
v -161.249084 12.415897 4.675140
v -168.563431 19.001747 4.675140
v -168.563431 19.001747 -5.167260
v -131.991455 -13.927769 4.675140
v -131.991455 -13.927769 -5.167260
v -124.676842 -20.513897 4.675140
v -124.676842 -20.513897 -5.167260
v -118.090996 -13.199560 4.675140
v -118.090996 -13.199560 -5.167260
v -110.776657 -19.785412 4.675140
v -110.776657 -19.785412 -5.167260
v -104.190575 -12.470806 4.675140
v -104.190575 -12.470806 -5.167260
v -62.489471 -10.285311 4.675140
v -62.489471 -10.285311 -5.167260
v -37.603065 46.772938 4.675140
v -37.603065 46.772938 -5.167260
v -44.188885 39.458584 4.675140
v -44.188885 39.458584 -5.167260
v -65.403419 45.315964 4.675140
v -58.089088 38.730110 4.675140
v -65.403419 45.315964 -5.167260
v -58.089088 38.730110 -5.167260
v -52.231716 59.944630 -5.167260
v -52.231716 59.944630 4.675140
v -36.145821 18.972305 4.675140
v -36.145821 18.972305 -5.167260
v -28.831459 12.386469 4.675140
v -28.831459 12.386469 -5.167260
v 12.141121 28.472109 4.675140
v 12.141121 28.472109 -5.167260
v 34.084412 8.714310 4.675140
v 34.084412 8.714310 -5.167260
v -1.030846 13.843163 -5.167260
v -1.030846 13.843163 4.675140
v -64.674934 31.415777 -5.167260
v -64.674934 31.415777 4.675140
v -57.360600 24.829939 -5.167260
v -57.360600 24.829939 4.675140
v -63.946709 17.515312 -5.167260
v -63.946709 17.515312 4.675140
v -29.559967 26.286646 4.675140
v -29.559967 26.286646 -5.167260
v -62.489471 -10.285311 4.675140
v -55.175140 -16.871172 4.675140
v -62.489471 -10.285311 -5.167260
v -55.175140 -16.871172 -5.167260
v -61.761242 -24.185787 -5.167260
v -61.761242 -24.185787 4.675140
v -54.446632 -30.771889 4.675140
v -54.446632 -30.771889 -5.167260
v -61.032463 -38.086189 -5.167260
v -61.032463 -38.086189 4.675140
v -46.403793 -51.257908 4.675140
v -46.403793 -51.257908 -5.167260
v -33.231846 -36.628960 4.675140
v -33.231846 -36.628960 -5.167260
v -40.546192 -30.043121 4.675140
v -40.546192 -30.043121 -5.167260
v -27.374496 -15.414446 4.675140
v -27.374496 -15.414446 -5.167260
v -34.688816 -8.828603 4.675140
v -34.688816 -8.828603 -5.167260
v -28.102695 -1.513970 4.675140
v -28.102695 -1.513970 -5.167260
v -0.302338 -0.057017 4.675140
v 14.326630 -13.228971 4.675140
v -0.302338 -0.057017 -5.167260
v 14.326630 -13.228971 -5.167260
v -22.245625 19.700790 4.675140
v -22.245625 19.700790 -5.167260
v -14.931015 13.114686 4.675140
v -14.931015 13.114686 -5.167260
v -28.831459 12.386469 -5.167260
v -28.831459 12.386469 4.675140
v -8.345161 20.428997 -5.167260
v -8.345161 20.428997 4.675140
v -1.030846 13.843163 4.675140
v -1.030846 13.843163 -5.167260
v -28.102695 -1.513970 4.675140
v -20.788368 -8.099815 4.675140
v -28.102695 -1.513970 -5.167260
v -20.788368 -8.099815 -5.167260
v -14.202534 -0.785489 4.675140
v -14.202534 -0.785489 -5.167260
v -6.888191 -7.371353 4.675140
v -6.888191 -7.371353 -5.167260
v -0.302338 -0.057017 4.675140
v -0.302338 -0.057017 -5.167260
v -8.345161 20.428997 4.675140
v -1.030846 13.843163 4.675140
v -14.931015 13.114686 4.675140
v 12.141121 28.472109 4.675140
v 34.084412 8.714310 4.675140
v 14.326630 -13.228971 4.675140
v -0.302338 -0.057017 4.675140
v -22.245625 19.700790 4.675140
v -28.831459 12.386469 4.675140
v -6.888191 -7.371353 4.675140
v -14.202534 -0.785489 4.675140
v -85.161224 23.372663 4.675140
v -77.846893 16.786829 4.675140
v -91.747063 16.058353 4.675140
v -71.261047 24.101166 4.675140
v -63.946709 17.515312 4.675140
v -34.688816 -8.828603 4.675140
v -27.374496 -15.414446 4.675140
v -40.546192 -30.043121 4.675140
v -62.489471 -10.285311 4.675140
v -55.175140 -16.871172 4.675140
v -61.761242 -24.185787 4.675140
v -33.231846 -36.628960 4.675140
v -54.446632 -30.771889 4.675140
v -46.403793 -51.257908 4.675140
v -61.032463 -38.086189 4.675140
v -99.061707 22.644464 4.675140
v -105.647820 15.329827 4.675140
v -69.075584 -17.599926 4.675140
v -76.389877 -11.014099 4.675140
v -112.962158 21.915688 4.675140
v -119.548012 14.601366 4.675140
v -82.975739 -18.328409 4.675140
v -90.290359 -11.742290 4.675140
v -126.862358 21.187210 4.675140
v -133.448212 13.872867 4.675140
v -96.876228 -19.056641 4.675140
v -104.190575 -12.470806 4.675140
v -140.762558 20.458723 4.675140
v -147.348633 13.144124 4.675140
v -110.776657 -19.785412 4.675140
v -118.090996 -13.199560 4.675140
v -154.663269 19.730232 4.675140
v -161.249084 12.415897 4.675140
v -124.676842 -20.513897 4.675140
v -131.991455 -13.927769 4.675140
v -57.360600 24.829939 4.675140
v -28.102695 -1.513970 4.675140
v -52.231716 59.944630 4.675140
v -37.603065 46.772938 4.675140
v -65.403419 45.315964 4.675140
v -44.188885 39.458584 4.675140
v -29.559967 26.286646 4.675140
v -36.145821 18.972305 4.675140
v -58.089088 38.730110 4.675140
v -64.674934 31.415777 4.675140
v -20.788368 -8.099815 4.675140
v -168.563431 19.001747 4.675140
v -188.380127 -3.006946 4.675140
v -145.891647 -14.656250 4.675140
v -159.791809 -15.384741 4.675140
v -166.436798 -22.764748 4.675140
v -152.477539 -21.970589 4.675140
v -138.577301 -21.242105 4.675140
v -8.345161 20.428997 -5.167260
v -1.030846 13.843163 -5.167260
v -14.931015 13.114686 -5.167260
v 12.141121 28.472109 -5.167260
v 34.084412 8.714310 -5.167260
v 14.326630 -13.228971 -5.167260
v -0.302338 -0.057017 -5.167260
v -22.245625 19.700790 -5.167260
v -28.831459 12.386469 -5.167260
v -6.888191 -7.371353 -5.167260
v -14.202534 -0.785489 -5.167260
v -85.161224 23.372663 -5.167260
v -77.846893 16.786829 -5.167260
v -91.747063 16.058353 -5.167260
v -71.261047 24.101166 -5.167260
v -63.946709 17.515312 -5.167260
v -34.688816 -8.828603 -5.167260
v -27.374496 -15.414446 -5.167260
v -40.546192 -30.043121 -5.167260
v -62.489471 -10.285311 -5.167260
v -55.175140 -16.871172 -5.167260
v -61.761242 -24.185787 -5.167260
v -33.231846 -36.628960 -5.167260
v -54.446632 -30.771889 -5.167260
v -46.403793 -51.257908 -5.167260
v -61.032463 -38.086189 -5.167260
v -99.061707 22.644464 -5.167260
v -105.647820 15.329827 -5.167260
v -69.075584 -17.599926 -5.167260
v -76.389877 -11.014099 -5.167260
v -112.962158 21.915688 -5.167260
v -119.548012 14.601366 -5.167260
v -82.975739 -18.328409 -5.167260
v -90.290359 -11.742290 -5.167260
v -126.862358 21.187210 -5.167260
v -133.448212 13.872867 -5.167260
v -96.876228 -19.056641 -5.167260
v -104.190575 -12.470806 -5.167260
v -140.762558 20.458723 -5.167260
v -147.348633 13.144124 -5.167260
v -110.776657 -19.785412 -5.167260
v -118.090996 -13.199560 -5.167260
v -154.663269 19.730232 -5.167260
v -161.249084 12.415897 -5.167260
v -124.676842 -20.513897 -5.167260
v -131.991455 -13.927769 -5.167260
v -57.360600 24.829939 -5.167260
v -28.102695 -1.513970 -5.167260
v -52.231716 59.944630 -5.167260
v -37.603065 46.772938 -5.167260
v -65.403419 45.315964 -5.167260
v -44.188885 39.458584 -5.167260
v -29.559967 26.286646 -5.167260
v -36.145821 18.972305 -5.167260
v -58.089088 38.730110 -5.167260
v -64.674934 31.415777 -5.167260
v -20.788368 -8.099815 -5.167260
v -168.563431 19.001747 -5.167260
v -188.380127 -3.006946 -5.167260
v -145.891647 -14.656250 -5.167260
v -159.791809 -15.384741 -5.167260
v -166.436798 -22.764748 -5.167260
v -152.477539 -21.970589 -5.167260
v -138.577301 -21.242105 -5.167260
v -99.061707 22.644464 4.675140
v -99.061707 22.644464 -5.167260
v -91.747063 16.058353 4.675140
v -91.747063 16.058353 -5.167260
v -105.647820 15.329827 -5.167260
v -105.647820 15.329827 4.675140
v -85.161224 23.372663 4.675140
v -85.161224 23.372663 -5.167260
v -77.846893 16.786829 4.675140
v -77.846893 16.786829 -5.167260
v -112.962158 21.915688 4.675140
v -112.962158 21.915688 -5.167260
v -119.548012 14.601366 -5.167260
v -119.548012 14.601366 4.675140
v -126.862358 21.187210 4.675140
v -126.862358 21.187210 -5.167260
v -90.290359 -11.742290 4.675140
v -82.975739 -18.328409 4.675140
v -90.290359 -11.742290 -5.167260
v -82.975739 -18.328409 -5.167260
v -133.448212 13.872867 -5.167260
v -133.448212 13.872867 4.675140
v -96.876228 -19.056641 4.675140
v -96.876228 -19.056641 -5.167260
v -76.389877 -11.014099 4.675140
v -76.389877 -11.014099 -5.167260
v -69.075584 -17.599926 4.675140
v -69.075584 -17.599926 -5.167260
v -71.261047 24.101166 4.675140
v -71.261047 24.101166 -5.167260
v -63.946709 17.515312 4.675140
v -63.946709 17.515312 -5.167260
v -140.762558 20.458723 4.675140
v -140.762558 20.458723 -5.167260
v -147.348633 13.144124 -5.167260
v -147.348633 13.144124 4.675140
v -159.791809 -15.384741 4.675140
v -159.791809 -15.384741 -5.167260
v -166.436798 -22.764748 4.675140
v -166.436798 -22.764748 -5.167260
v -152.477539 -21.970589 4.675140
v -152.477539 -21.970589 -5.167260
v -188.380127 -3.006946 4.675140
v -188.380127 -3.006946 -5.167260
v -145.891647 -14.656250 4.675140
v -138.577301 -21.242105 4.675140
v -145.891647 -14.656250 -5.167260
v -138.577301 -21.242105 -5.167260
v -154.663269 19.730232 -5.167260
v -154.663269 19.730232 4.675140
v -161.249084 12.415897 -5.167260
v -161.249084 12.415897 4.675140
v -168.563431 19.001747 4.675140
v -168.563431 19.001747 -5.167260
v -131.991455 -13.927769 4.675140
v -131.991455 -13.927769 -5.167260
v -124.676842 -20.513897 4.675140
v -124.676842 -20.513897 -5.167260
v -118.090996 -13.199560 4.675140
v -118.090996 -13.199560 -5.167260
v -110.776657 -19.785412 4.675140
v -110.776657 -19.785412 -5.167260
v -104.190575 -12.470806 4.675140
v -104.190575 -12.470806 -5.167260
v -62.489471 -10.285311 4.675140
v -62.489471 -10.285311 -5.167260
v -37.603065 46.772938 4.675140
v -37.603065 46.772938 -5.167260
v -44.188885 39.458584 4.675140
v -44.188885 39.458584 -5.167260
v -65.403419 45.315964 4.675140
v -58.089088 38.730110 4.675140
v -65.403419 45.315964 -5.167260
v -58.089088 38.730110 -5.167260
v -52.231716 59.944630 -5.167260
v -52.231716 59.944630 4.675140
v -36.145821 18.972305 4.675140
v -36.145821 18.972305 -5.167260
v -28.831459 12.386469 4.675140
v -28.831459 12.386469 -5.167260
v 12.141121 28.472109 4.675140
v 12.141121 28.472109 -5.167260
v 34.084412 8.714310 4.675140
v 34.084412 8.714310 -5.167260
v -1.030846 13.843163 -5.167260
v -1.030846 13.843163 4.675140
v -64.674934 31.415777 -5.167260
v -64.674934 31.415777 4.675140
v -57.360600 24.829939 -5.167260
v -57.360600 24.829939 4.675140
v -63.946709 17.515312 -5.167260
v -63.946709 17.515312 4.675140
v -29.559967 26.286646 4.675140
v -29.559967 26.286646 -5.167260
v -62.489471 -10.285311 4.675140
v -55.175140 -16.871172 4.675140
v -62.489471 -10.285311 -5.167260
v -55.175140 -16.871172 -5.167260
v -61.761242 -24.185787 -5.167260
v -61.761242 -24.185787 4.675140
v -54.446632 -30.771889 4.675140
v -54.446632 -30.771889 -5.167260
v -61.032463 -38.086189 -5.167260
v -61.032463 -38.086189 4.675140
v -46.403793 -51.257908 4.675140
v -46.403793 -51.257908 -5.167260
v -33.231846 -36.628960 4.675140
v -33.231846 -36.628960 -5.167260
v -40.546192 -30.043121 4.675140
v -40.546192 -30.043121 -5.167260
v -27.374496 -15.414446 4.675140
v -27.374496 -15.414446 -5.167260
v -34.688816 -8.828603 4.675140
v -34.688816 -8.828603 -5.167260
v -28.102695 -1.513970 4.675140
v -28.102695 -1.513970 -5.167260
v -0.302338 -0.057017 4.675140
v 14.326630 -13.228971 4.675140
v -0.302338 -0.057017 -5.167260
v 14.326630 -13.228971 -5.167260
v -22.245625 19.700790 4.675140
v -22.245625 19.700790 -5.167260
v -14.931015 13.114686 4.675140
v -14.931015 13.114686 -5.167260
v -28.831459 12.386469 -5.167260
v -28.831459 12.386469 4.675140
v -8.345161 20.428997 -5.167260
v -8.345161 20.428997 4.675140
v -1.030846 13.843163 4.675140
v -1.030846 13.843163 -5.167260
v -28.102695 -1.513970 4.675140
v -20.788368 -8.099815 4.675140
v -28.102695 -1.513970 -5.167260
v -20.788368 -8.099815 -5.167260
v -14.202534 -0.785489 4.675140
v -14.202534 -0.785489 -5.167260
v -6.888191 -7.371353 4.675140
v -6.888191 -7.371353 -5.167260
v -0.302338 -0.057017 4.675140
v -0.302338 -0.057017 -5.167260
v -8.345161 20.428997 4.675140
v -1.030846 13.843163 4.675140
v -14.931015 13.114686 4.675140
v 12.141121 28.472109 4.675140
v 34.084412 8.714310 4.675140
v 14.326630 -13.228971 4.675140
v -0.302338 -0.057017 4.675140
v -22.245625 19.700790 4.675140
v -28.831459 12.386469 4.675140
v -6.888191 -7.371353 4.675140
v -14.202534 -0.785489 4.675140
v -85.161224 23.372663 4.675140
v -77.846893 16.786829 4.675140
v -91.747063 16.058353 4.675140
v -71.261047 24.101166 4.675140
v -63.946709 17.515312 4.675140
v -34.688816 -8.828603 4.675140
v -27.374496 -15.414446 4.675140
v -40.546192 -30.043121 4.675140
v -62.489471 -10.285311 4.675140
v -55.175140 -16.871172 4.675140
v -61.761242 -24.185787 4.675140
v -33.231846 -36.628960 4.675140
v -54.446632 -30.771889 4.675140
v -46.403793 -51.257908 4.675140
v -61.032463 -38.086189 4.675140
v -99.061707 22.644464 4.675140
v -105.647820 15.329827 4.675140
v -69.075584 -17.599926 4.675140
v -76.389877 -11.014099 4.675140
v -112.962158 21.915688 4.675140
v -119.548012 14.601366 4.675140
v -82.975739 -18.328409 4.675140
v -90.290359 -11.742290 4.675140
v -126.862358 21.187210 4.675140
v -133.448212 13.872867 4.675140
v -96.876228 -19.056641 4.675140
v -104.190575 -12.470806 4.675140
v -140.762558 20.458723 4.675140
v -147.348633 13.144124 4.675140
v -110.776657 -19.785412 4.675140
v -118.090996 -13.199560 4.675140
v -154.663269 19.730232 4.675140
v -161.249084 12.415897 4.675140
v -124.676842 -20.513897 4.675140
v -131.991455 -13.927769 4.675140
v -57.360600 24.829939 4.675140
v -28.102695 -1.513970 4.675140
v -52.231716 59.944630 4.675140
v -37.603065 46.772938 4.675140
v -65.403419 45.315964 4.675140
v -44.188885 39.458584 4.675140
v -29.559967 26.286646 4.675140
v -36.145821 18.972305 4.675140
v -58.089088 38.730110 4.675140
v -64.674934 31.415777 4.675140
v -20.788368 -8.099815 4.675140
v -168.563431 19.001747 4.675140
v -188.380127 -3.006946 4.675140
v -145.891647 -14.656250 4.675140
v -159.791809 -15.384741 4.675140
v -166.436798 -22.764748 4.675140
v -152.477539 -21.970589 4.675140
v -138.577301 -21.242105 4.675140
v -8.345161 20.428997 -5.167260
v -1.030846 13.843163 -5.167260
v -14.931015 13.114686 -5.167260
v 12.141121 28.472109 -5.167260
v 34.084412 8.714310 -5.167260
v 14.326630 -13.228971 -5.167260
v -0.302338 -0.057017 -5.167260
v -22.245625 19.700790 -5.167260
v -28.831459 12.386469 -5.167260
v -6.888191 -7.371353 -5.167260
v -14.202534 -0.785489 -5.167260
v -85.161224 23.372663 -5.167260
v -77.846893 16.786829 -5.167260
v -91.747063 16.058353 -5.167260
v -71.261047 24.101166 -5.167260
v -63.946709 17.515312 -5.167260
v -34.688816 -8.828603 -5.167260
v -27.374496 -15.414446 -5.167260
v -40.546192 -30.043121 -5.167260
v -62.489471 -10.285311 -5.167260
v -55.175140 -16.871172 -5.167260
v -61.761242 -24.185787 -5.167260
v -33.231846 -36.628960 -5.167260
v -54.446632 -30.771889 -5.167260
v -46.403793 -51.257908 -5.167260
v -61.032463 -38.086189 -5.167260
v -99.061707 22.644464 -5.167260
v -105.647820 15.329827 -5.167260
v -69.075584 -17.599926 -5.167260
v -76.389877 -11.014099 -5.167260
v -112.962158 21.915688 -5.167260
v -119.548012 14.601366 -5.167260
v -82.975739 -18.328409 -5.167260
v -90.290359 -11.742290 -5.167260
v -126.862358 21.187210 -5.167260
v -133.448212 13.872867 -5.167260
v -96.876228 -19.056641 -5.167260
v -104.190575 -12.470806 -5.167260
v -140.762558 20.458723 -5.167260
v -147.348633 13.144124 -5.167260
v -110.776657 -19.785412 -5.167260
v -118.090996 -13.199560 -5.167260
v -154.663269 19.730232 -5.167260
v -161.249084 12.415897 -5.167260
v -124.676842 -20.513897 -5.167260
v -131.991455 -13.927769 -5.167260
v -57.360600 24.829939 -5.167260
v -28.102695 -1.513970 -5.167260
v -52.231716 59.944630 -5.167260
v -37.603065 46.772938 -5.167260
v -65.403419 45.315964 -5.167260
v -44.188885 39.458584 -5.167260
v -29.559967 26.286646 -5.167260
v -36.145821 18.972305 -5.167260
v -58.089088 38.730110 -5.167260
v -64.674934 31.415777 -5.167260
v -20.788368 -8.099815 -5.167260
v -168.563431 19.001747 -5.167260
v -188.380127 -3.006946 -5.167260
v -145.891647 -14.656250 -5.167260
v -159.791809 -15.384741 -5.167260
v -166.436798 -22.764748 -5.167260
v -152.477539 -21.970589 -5.167260
v -138.577301 -21.242105 -5.167260
v 0.000000 70.710701 0.000000
v 70.710701 0.000000 0.000000
v -70.710701 0.000000 0.000000
v 0.000000 -70.710602 0.000000
v 0.000000 55.656200 4.000000
v 55.656200 0.000000 4.000000
v -55.656101 0.000000 4.000000
v 0.000000 -55.656101 4.000000
v 0.000000 70.710701 0.000000
v 70.710701 0.000000 0.000000
v -70.710701 0.000000 0.000000
v 0.000000 -70.710602 0.000000
v 0.000000 55.656200 -4.000000
v 55.656200 0.000000 -4.000000
v -55.656101 -0.000000 -4.000000
v 0.000000 -55.656101 -4.000000
v -20.132339 0.172261 11.649753
v -20.132339 0.172261 5.045620
v -13.531975 -0.058215 11.649753
v -13.531975 -0.058215 5.045620
v -20.362801 -6.428144 5.045620
v -20.362801 -6.428144 11.649753
v -13.301483 6.541863 11.649753
v -13.301483 6.541863 5.045620
v -6.701378 6.311393 11.649753
v -6.701378 6.311393 5.045620
v -26.962967 -6.197639 11.649753
v -26.962967 -6.197639 5.045620
v -27.193466 -12.797718 5.045620
v -27.193466 -12.797718 11.649753
v -33.793549 -12.567287 11.649753
v -33.793549 -12.567287 5.045620
v -0.792709 -13.719679 11.649753
v 5.807686 -13.950184 11.649753
v -0.792709 -13.719679 5.045620
v 5.807686 -13.950184 5.045620
v -34.024033 -19.167366 5.045620
v -34.024033 -19.167366 11.649753
v -1.023178 -20.319798 11.649753
v -1.023178 -20.319798 5.045620
v 6.038139 -7.350054 11.649753
v 6.038139 -7.350054 5.045620
v 12.638214 -7.580525 11.649753
v 12.638214 -7.580525 5.045620
v -6.470909 12.911501 11.649753
v -6.470909 12.911501 5.045620
v 0.129196 12.681023 11.649753
v 0.129196 12.681023 5.045620
v -40.624153 -18.936909 11.649753
v -40.624153 -18.936909 5.045620
v -40.854622 -25.537235 5.045620
v -40.854622 -25.537235 11.649753
v -34.945953 -45.568066 11.649753
v -34.945953 -45.568066 5.045620
v -35.178429 -52.227398 11.649753
v -35.178429 -52.227398 5.045620
v -28.345840 -45.798538 11.649753
v -28.345840 -45.798538 5.045620
v -54.979080 -51.535992 11.649753
v -54.979080 -51.535992 5.045620
v -28.115356 -39.198433 11.649753
v -21.515198 -39.428928 11.649753
v -28.115356 -39.198433 5.045620
v -21.515198 -39.428928 5.045620
v -47.454987 -25.306774 5.045620
v -47.454987 -25.306774 11.649753
v -47.685471 -31.906879 5.045620
v -47.685471 -31.906879 11.649753
v -54.285568 -31.676399 11.649753
v -54.285568 -31.676399 5.045620
v -21.284752 -32.828796 11.649753
v -21.284752 -32.828796 5.045620
v -14.684380 -33.059315 11.649753
v -14.684380 -33.059315 5.045620
v -14.453903 -26.459204 11.649753
v -14.453903 -26.459204 5.045620
v -7.853783 -26.689686 11.649753
v -7.853783 -26.689686 5.045620
v -7.623306 -20.089340 11.649753
v -7.623306 -20.089340 5.045620
v 12.868721 -0.980169 11.649753
v 12.868721 -0.980169 5.045620
v 1.051109 39.081722 11.649753
v 1.051109 39.081722 5.045620
v 0.820679 32.481602 11.649753
v 0.820679 32.481602 5.045620
v -12.610062 26.342484 11.649753
v -6.009926 26.111969 11.649753
v -12.610062 26.342484 5.045620
v -6.009926 26.111969 5.045620
v -12.149094 39.542686 5.045620
v -12.149094 39.542686 11.649753
v 13.790665 25.420521 11.649753
v 13.790665 25.420521 5.045620
v 20.390762 25.190063 11.649753
v 20.390762 25.190063 5.045620
v 34.513176 51.129757 11.649753
v 34.513176 51.129757 5.045620
v 54.313728 50.438313 11.649753
v 54.313728 50.438313 5.045620
v 34.052166 37.929291 5.045620
v 34.052166 37.929291 11.649753
v -6.240417 19.511871 5.045620
v -6.240417 19.511871 11.649753
v 0.359703 19.281387 5.045620
v 0.359703 19.281387 11.649753
v 0.129196 12.681023 5.045620
v 0.129196 12.681023 11.649753
v 14.021118 32.020645 11.649753
v 14.021118 32.020645 5.045620
v 12.868721 -0.980169 11.649753
v 19.468845 -1.210680 11.649753
v 12.868721 -0.980169 5.045620
v 19.468845 -1.210680 5.045620
v 19.238346 -7.811017 5.045620
v 19.238346 -7.811017 11.649753
v 25.838711 -8.041509 11.649753
v 25.838711 -8.041509 5.045620
v 25.608227 -14.641602 5.045620
v 25.608227 -14.641602 11.649753
v 38.808445 -15.102551 11.649753
v 38.808445 -15.102551 5.045620
v 39.269394 -1.902075 11.649753
v 39.269394 -1.902075 5.045620
v 32.669327 -1.671628 11.649753
v 32.669327 -1.671628 5.045620
v 33.130268 11.528576 11.649753
v 33.130268 11.528576 5.045620
v 26.530155 11.759090 11.649753
v 26.530155 11.759090 5.045620
v 26.760635 18.359463 11.649753
v 26.760635 18.359463 5.045620
v 40.421806 31.098736 11.649753
v 53.622330 30.637737 11.649753
v 40.421806 31.098736 5.045620
v 53.622330 30.637737 5.045620
v 20.621254 31.790150 11.649753
v 20.621254 31.790150 5.045620
v 27.221596 31.559681 11.649753
v 27.221596 31.559681 5.045620
v 20.390762 25.190063 5.045620
v 20.390762 25.190063 11.649753
v 27.452076 38.159767 5.045620
v 27.452076 38.159767 11.649753
v 34.052166 37.929291 11.649753
v 34.052166 37.929291 5.045620
v 26.760635 18.359463 11.649753
v 33.360756 18.128977 11.649753
v 26.760635 18.359463 5.045620
v 33.360756 18.128977 5.045620
v 33.591198 24.729095 11.649753
v 33.591198 24.729095 5.045620
v 40.191349 24.498604 11.649753
v 40.191349 24.498604 5.045620
v 40.421806 31.098736 11.649753
v 40.421806 31.098736 5.045620
v 27.452076 38.159767 11.649753
v 34.052166 37.929291 11.649753
v 27.221596 31.559681 11.649753
v 34.513176 51.129757 11.649753
v 54.313728 50.438313 11.649753
v 53.622330 30.637737 11.649753
v 40.421806 31.098736 11.649753
v 20.621254 31.790150 11.649753
v 20.390762 25.190063 11.649753
v 40.191349 24.498604 11.649753
v 33.591198 24.729095 11.649753
v -13.301483 6.541863 11.649753
v -6.701378 6.311393 11.649753
v -13.531975 -0.058215 11.649753
v -6.470909 12.911501 11.649753
v 0.129196 12.681023 11.649753
v 26.530155 11.759090 11.649753
v 33.130268 11.528576 11.649753
v 32.669327 -1.671628 11.649753
v 12.868721 -0.980169 11.649753
v 19.468845 -1.210680 11.649753
v 19.238346 -7.811017 11.649753
v 39.269394 -1.902075 11.649753
v 25.838711 -8.041509 11.649753
v 38.808445 -15.102551 11.649753
v 25.608227 -14.641602 11.649753
v -20.132339 0.172261 11.649753
v -20.362801 -6.428144 11.649753
v 12.638214 -7.580525 11.649753
v 6.038139 -7.350054 11.649753
v -26.962967 -6.197639 11.649753
v -27.193466 -12.797718 11.649753
v 5.807686 -13.950184 11.649753
v -0.792709 -13.719679 11.649753
v -33.793549 -12.567287 11.649753
v -34.024033 -19.167366 11.649753
v -1.023178 -20.319798 11.649753
v -7.623306 -20.089340 11.649753
v -40.624153 -18.936909 11.649753
v -40.854622 -25.537235 11.649753
v -7.853783 -26.689686 11.649753
v -14.453903 -26.459204 11.649753
v -47.454987 -25.306774 11.649753
v -47.685471 -31.906879 11.649753
v -14.684380 -33.059315 11.649753
v -21.284752 -32.828796 11.649753
v 0.359703 19.281387 11.649753
v 26.760635 18.359463 11.649753
v -12.149094 39.542686 11.649753
v 1.051109 39.081722 11.649753
v -12.610062 26.342484 11.649753
v 0.820679 32.481602 11.649753
v 14.021118 32.020645 11.649753
v 13.790665 25.420521 11.649753
v -6.009926 26.111969 11.649753
v -6.240417 19.511871 11.649753
v 33.360756 18.128977 11.649753
v -54.285568 -31.676399 11.649753
v -54.979080 -51.535992 11.649753
v -28.115356 -39.198433 11.649753
v -34.945953 -45.568066 11.649753
v -35.178429 -52.227398 11.649753
v -28.345840 -45.798538 11.649753
v -21.515198 -39.428928 11.649753
v 27.452076 38.159767 5.045620
v 34.052166 37.929291 5.045620
v 27.221596 31.559681 5.045620
v 34.513176 51.129757 5.045620
v 54.313728 50.438313 5.045620
v 53.622330 30.637737 5.045620
v 40.421806 31.098736 5.045620
v 20.621254 31.790150 5.045620
v 20.390762 25.190063 5.045620
v 40.191349 24.498604 5.045620
v 33.591198 24.729095 5.045620
v -13.301483 6.541863 5.045620
v -6.701378 6.311393 5.045620
v -13.531975 -0.058215 5.045620
v -6.470909 12.911501 5.045620
v 0.129196 12.681023 5.045620
v 26.530155 11.759090 5.045620
v 33.130268 11.528576 5.045620
v 32.669327 -1.671628 5.045620
v 12.868721 -0.980169 5.045620
v 19.468845 -1.210680 5.045620
v 19.238346 -7.811017 5.045620
v 39.269394 -1.902075 5.045620
v 25.838711 -8.041509 5.045620
v 38.808445 -15.102551 5.045620
v 25.608227 -14.641602 5.045620
v -20.132339 0.172261 5.045620
v -20.362801 -6.428144 5.045620
v 12.638214 -7.580525 5.045620
v 6.038139 -7.350054 5.045620
v -26.962967 -6.197639 5.045620
v -27.193466 -12.797718 5.045620
v 5.807686 -13.950184 5.045620
v -0.792709 -13.719679 5.045620
v -33.793549 -12.567287 5.045620
v -34.024033 -19.167366 5.045620
v -1.023178 -20.319798 5.045620
v -7.623306 -20.089340 5.045620
v -40.624153 -18.936909 5.045620
v -40.854622 -25.537235 5.045620
v -7.853783 -26.689686 5.045620
v -14.453903 -26.459204 5.045620
v -47.454987 -25.306774 5.045620
v -47.685471 -31.906879 5.045620
v -14.684380 -33.059315 5.045620
v -21.284752 -32.828796 5.045620
v 0.359703 19.281387 5.045620
v 26.760635 18.359463 5.045620
v -12.149094 39.542686 5.045620
v 1.051109 39.081722 5.045620
v -12.610062 26.342484 5.045620
v 0.820679 32.481602 5.045620
v 14.021118 32.020645 5.045620
v 13.790665 25.420521 5.045620
v -6.009926 26.111969 5.045620
v -6.240417 19.511871 5.045620
v 33.360756 18.128977 5.045620
v -54.285568 -31.676399 5.045620
v -54.979080 -51.535992 5.045620
v -28.115356 -39.198433 5.045620
v -34.945953 -45.568066 5.045620
v -35.178429 -52.227398 5.045620
v -28.345840 -45.798538 5.045620
v -21.515198 -39.428928 5.045620
v 0.000000 70.710701 0.000000
v 70.710701 0.000000 0.000000
v -70.710701 0.000000 0.000000
v 0.000000 -70.710602 0.000000
v 0.000000 55.656200 4.000000
v 55.656200 0.000000 4.000000
v -55.656101 0.000000 4.000000
v 0.000000 -55.656101 4.000000
v 0.000000 70.710701 0.000000
v 70.710701 0.000000 0.000000
v -70.710701 0.000000 0.000000
v 0.000000 -70.710602 0.000000
v 0.000000 55.656200 -4.000000
v 55.656200 0.000000 -4.000000
v -55.656101 0.000000 -4.000000
v 0.000000 -55.656101 -4.000000
v -20.132339 0.172261 11.649753
v -20.132339 0.172261 5.045620
v -13.531975 -0.058215 11.649753
v -13.531975 -0.058215 5.045620
v -20.362801 -6.428144 5.045620
v -20.362801 -6.428144 11.649753
v -13.301483 6.541863 11.649753
v -13.301483 6.541863 5.045620
v -6.701378 6.311393 11.649753
v -6.701378 6.311393 5.045620
v -26.962967 -6.197639 11.649753
v -26.962967 -6.197639 5.045620
v -27.193466 -12.797718 5.045620
v -27.193466 -12.797718 11.649753
v -33.793549 -12.567287 11.649753
v -33.793549 -12.567287 5.045620
v -0.792709 -13.719679 11.649753
v 5.807686 -13.950184 11.649753
v -0.792709 -13.719679 5.045620
v 5.807686 -13.950184 5.045620
v -34.024033 -19.167366 5.045620
v -34.024033 -19.167366 11.649753
v -1.023178 -20.319798 11.649753
v -1.023178 -20.319798 5.045620
v 6.038139 -7.350054 11.649753
v 6.038139 -7.350054 5.045620
v 12.638214 -7.580525 11.649753
v 12.638214 -7.580525 5.045620
v -6.470909 12.911501 11.649753
v -6.470909 12.911501 5.045620
v 0.129196 12.681023 11.649753
v 0.129196 12.681023 5.045620
v -40.624153 -18.936909 11.649753
v -40.624153 -18.936909 5.045620
v -40.854622 -25.537235 5.045620
v -40.854622 -25.537235 11.649753
v -34.945953 -45.568066 11.649753
v -34.945953 -45.568066 5.045620
v -35.178429 -52.227398 11.649753
v -35.178429 -52.227398 5.045620
v -28.345840 -45.798538 11.649753
v -28.345840 -45.798538 5.045620
v -54.979080 -51.535992 11.649753
v -54.979080 -51.535992 5.045620
v -28.115356 -39.198433 11.649753
v -21.515198 -39.428928 11.649753
v -28.115356 -39.198433 5.045620
v -21.515198 -39.428928 5.045620
v -47.454987 -25.306774 5.045620
v -47.454987 -25.306774 11.649753
v -47.685471 -31.906879 5.045620
v -47.685471 -31.906879 11.649753
v -54.285568 -31.676399 11.649753
v -54.285568 -31.676399 5.045620
v -21.284752 -32.828796 11.649753
v -21.284752 -32.828796 5.045620
v -14.684380 -33.059315 11.649753
v -14.684380 -33.059315 5.045620
v -14.453903 -26.459204 11.649753
v -14.453903 -26.459204 5.045620
v -7.853783 -26.689686 11.649753
v -7.853783 -26.689686 5.045620
v -7.623306 -20.089340 11.649753
v -7.623306 -20.089340 5.045620
v 12.868721 -0.980169 11.649753
v 12.868721 -0.980169 5.045620
v 1.051109 39.081722 11.649753
v 1.051109 39.081722 5.045620
v 0.820679 32.481602 11.649753
v 0.820679 32.481602 5.045620
v -12.610062 26.342484 11.649753
v -6.009926 26.111969 11.649753
v -12.610062 26.342484 5.045620
v -6.009926 26.111969 5.045620
v -12.149094 39.542686 5.045620
v -12.149094 39.542686 11.649753
v 13.790665 25.420521 11.649753
v 13.790665 25.420521 5.045620
v 20.390762 25.190063 11.649753
v 20.390762 25.190063 5.045620
v 34.513176 51.129757 11.649753
v 34.513176 51.129757 5.045620
v 54.313728 50.438313 11.649753
v 54.313728 50.438313 5.045620
v 34.052166 37.929291 5.045620
v 34.052166 37.929291 11.649753
v -6.240417 19.511871 5.045620
v -6.240417 19.511871 11.649753
v 0.359703 19.281387 5.045620
v 0.359703 19.281387 11.649753
v 0.129196 12.681023 5.045620
v 0.129196 12.681023 11.649753
v 14.021118 32.020645 11.649753
v 14.021118 32.020645 5.045620
v 12.868721 -0.980169 11.649753
v 19.468845 -1.210680 11.649753
v 12.868721 -0.980169 5.045620
v 19.468845 -1.210680 5.045620
v 19.238346 -7.811017 5.045620
v 19.238346 -7.811017 11.649753
v 25.838711 -8.041509 11.649753
v 25.838711 -8.041509 5.045620
v 25.608227 -14.641602 5.045620
v 25.608227 -14.641602 11.649753
v 38.808445 -15.102551 11.649753
v 38.808445 -15.102551 5.045620
v 39.269394 -1.902075 11.649753
v 39.269394 -1.902075 5.045620
v 32.669327 -1.671628 11.649753
v 32.669327 -1.671628 5.045620
v 33.130268 11.528576 11.649753
v 33.130268 11.528576 5.045620
v 26.530155 11.759090 11.649753
v 26.530155 11.759090 5.045620
v 26.760635 18.359463 11.649753
v 26.760635 18.359463 5.045620
v 40.421806 31.098736 11.649753
v 53.622330 30.637737 11.649753
v 40.421806 31.098736 5.045620
v 53.622330 30.637737 5.045620
v 20.621254 31.790150 11.649753
v 20.621254 31.790150 5.045620
v 27.221596 31.559681 11.649753
v 27.221596 31.559681 5.045620
v 20.390762 25.190063 5.045620
v 20.390762 25.190063 11.649753
v 27.452076 38.159767 5.045620
v 27.452076 38.159767 11.649753
v 34.052166 37.929291 11.649753
v 34.052166 37.929291 5.045620
v 26.760635 18.359463 11.649753
v 33.360756 18.128977 11.649753
v 26.760635 18.359463 5.045620
v 33.360756 18.128977 5.045620
v 33.591198 24.729095 11.649753
v 33.591198 24.729095 5.045620
v 40.191349 24.498604 11.649753
v 40.191349 24.498604 5.045620
v 40.421806 31.098736 11.649753
v 40.421806 31.098736 5.045620
v 27.452076 38.159767 11.649753
v 34.052166 37.929291 11.649753
v 27.221596 31.559681 11.649753
v 34.513176 51.129757 11.649753
v 54.313728 50.438313 11.649753
v 53.622330 30.637737 11.649753
v 40.421806 31.098736 11.649753
v 20.621254 31.790150 11.649753
v 20.390762 25.190063 11.649753
v 40.191349 24.498604 11.649753
v 33.591198 24.729095 11.649753
v -13.301483 6.541863 11.649753
v -6.701378 6.311393 11.649753
v -13.531975 -0.058215 11.649753
v -6.470909 12.911501 11.649753
v 0.129196 12.681023 11.649753
v 26.530155 11.759090 11.649753
v 33.130268 11.528576 11.649753
v 32.669327 -1.671628 11.649753
v 12.868721 -0.980169 11.649753
v 19.468845 -1.210680 11.649753
v 19.238346 -7.811017 11.649753
v 39.269394 -1.902075 11.649753
v 25.838711 -8.041509 11.649753
v 38.808445 -15.102551 11.649753
v 25.608227 -14.641602 11.649753
v -20.132339 0.172261 11.649753
v -20.362801 -6.428144 11.649753
v 12.638214 -7.580525 11.649753
v 6.038139 -7.350054 11.649753
v -26.962967 -6.197639 11.649753
v -27.193466 -12.797718 11.649753
v 5.807686 -13.950184 11.649753
v -0.792709 -13.719679 11.649753
v -33.793549 -12.567287 11.649753
v -34.024033 -19.167366 11.649753
v -1.023178 -20.319798 11.649753
v -7.623306 -20.089340 11.649753
v -40.624153 -18.936909 11.649753
v -40.854622 -25.537235 11.649753
v -7.853783 -26.689686 11.649753
v -14.453903 -26.459204 11.649753
v -47.454987 -25.306774 11.649753
v -47.685471 -31.906879 11.649753
v -14.684380 -33.059315 11.649753
v -21.284752 -32.828796 11.649753
v 0.359703 19.281387 11.649753
v 26.760635 18.359463 11.649753
v -12.149094 39.542686 11.649753
v 1.051109 39.081722 11.649753
v -12.610062 26.342484 11.649753
v 0.820679 32.481602 11.649753
v 14.021118 32.020645 11.649753
v 13.790665 25.420521 11.649753
v -6.009926 26.111969 11.649753
v -6.240417 19.511871 11.649753
v 33.360756 18.128977 11.649753
v -54.285568 -31.676399 11.649753
v -54.979080 -51.535992 11.649753
v -28.115356 -39.198433 11.649753
v -34.945953 -45.568066 11.649753
v -35.178429 -52.227398 11.649753
v -28.345840 -45.798538 11.649753
v -21.515198 -39.428928 11.649753
v 27.452076 38.159767 5.045620
v 34.052166 37.929291 5.045620
v 27.221596 31.559681 5.045620
v 34.513176 51.129757 5.045620
v 54.313728 50.438313 5.045620
v 53.622330 30.637737 5.045620
v 40.421806 31.098736 5.045620
v 20.621254 31.790150 5.045620
v 20.390762 25.190063 5.045620
v 40.191349 24.498604 5.045620
v 33.591198 24.729095 5.045620
v -13.301483 6.541863 5.045620
v -6.701378 6.311393 5.045620
v -13.531975 -0.058215 5.045620
v -6.470909 12.911501 5.045620
v 0.129196 12.681023 5.045620
v 26.530155 11.759090 5.045620
v 33.130268 11.528576 5.045620
v 32.669327 -1.671628 5.045620
v 12.868721 -0.980169 5.045620
v 19.468845 -1.210680 5.045620
v 19.238346 -7.811017 5.045620
v 39.269394 -1.902075 5.045620
v 25.838711 -8.041509 5.045620
v 38.808445 -15.102551 5.045620
v 25.608227 -14.641602 5.045620
v -20.132339 0.172261 5.045620
v -20.362801 -6.428144 5.045620
v 12.638214 -7.580525 5.045620
v 6.038139 -7.350054 5.045620
v -26.962967 -6.197639 5.045620
v -27.193466 -12.797718 5.045620
v 5.807686 -13.950184 5.045620
v -0.792709 -13.719679 5.045620
v -33.793549 -12.567287 5.045620
v -34.024033 -19.167366 5.045620
v -1.023178 -20.319798 5.045620
v -7.623306 -20.089340 5.045620
v -40.624153 -18.936909 5.045620
v -40.854622 -25.537235 5.045620
v -7.853783 -26.689686 5.045620
v -14.453903 -26.459204 5.045620
v -47.454987 -25.306774 5.045620
v -47.685471 -31.906879 5.045620
v -14.684380 -33.059315 5.045620
v -21.284752 -32.828796 5.045620
v 0.359703 19.281387 5.045620
v 26.760635 18.359463 5.045620
v -12.149094 39.542686 5.045620
v 1.051109 39.081722 5.045620
v -12.610062 26.342484 5.045620
v 0.820679 32.481602 5.045620
v 14.021118 32.020645 5.045620
v 13.790665 25.420521 5.045620
v -6.009926 26.111969 5.045620
v -6.240417 19.511871 5.045620
v 33.360756 18.128977 5.045620
v -54.285568 -31.676399 5.045620
v -54.979080 -51.535992 5.045620
v -28.115356 -39.198433 5.045620
v -34.945953 -45.568066 5.045620
v -35.178429 -52.227398 5.045620
v -28.345840 -45.798538 5.045620
v -21.515198 -39.428928 5.045620
v 0.000000 70.710701 0.000000
v 70.710701 0.000000 0.000000
v -70.710701 0.000000 0.000000
v 0.000000 -70.710602 0.000000
v 0.000000 55.656200 4.000000
v 55.656200 0.000000 4.000000
v -55.656101 0.000000 4.000000
v 0.000000 -55.656101 4.000000
v 0.000000 70.710701 0.000000
v 70.710701 0.000000 0.000000
v -70.710701 0.000000 0.000000
v 0.000000 -70.710602 0.000000
v 0.000000 55.656200 -4.000000
v 55.656200 0.000000 -4.000000
v -55.656101 0.000000 -4.000000
v 0.000000 -55.656101 -4.000000
v 19.466988 -1.269901 11.649753
v 19.466988 -1.269901 5.045620
v 12.866623 -1.039425 11.649753
v 12.866623 -1.039425 5.045620
v 19.697449 5.330504 5.045620
v 19.697449 5.330504 11.649753
v 12.636132 -7.639503 11.649753
v 12.636132 -7.639503 5.045620
v 6.036026 -7.409033 11.649753
v 6.036026 -7.409033 5.045620
v 26.297615 5.100001 11.649753
v 26.297615 5.100001 5.045620
v 26.528112 11.700079 5.045620
v 26.528112 11.700079 11.649753
v 33.128197 11.469649 11.649753
v 33.128197 11.469649 5.045620
v 0.127356 12.622038 11.649753
v -6.473039 12.852542 11.649753
v 0.127356 12.622038 5.045620
v -6.473039 12.852542 5.045620
v 33.358681 18.069729 5.045620
v 33.358681 18.069729 11.649753
v 0.357825 19.222157 11.649753
v 0.357825 19.222157 5.045620
v -6.703492 6.252412 11.649753
v -6.703492 6.252412 5.045620
v -13.303567 6.482883 11.649753
v -13.303567 6.482883 5.045620
v 5.805558 -14.009141 11.649753
v 5.805558 -14.009141 5.045620
v -0.794547 -13.778664 11.649753
v -0.794547 -13.778664 5.045620
v 39.958801 17.839272 11.649753
v 39.958801 17.839272 5.045620
v 40.189266 24.439598 5.045620
v 40.189266 24.439598 11.649753
v 34.280598 44.470428 11.649753
v 34.280598 44.470428 5.045620
v 34.513073 51.129761 11.649753
v 34.513073 51.129761 5.045620
v 27.680485 44.700901 11.649753
v 27.680485 44.700901 5.045620
v 54.313725 50.438354 11.649753
v 54.313725 50.438354 5.045620
v 27.450001 38.100796 11.649753
v 20.849842 38.331287 11.649753
v 27.450001 38.100796 5.045620
v 20.849842 38.331287 5.045620
v 46.789631 24.209137 5.045620
v 46.789631 24.209137 11.649753
v 47.020115 30.809242 5.045620
v 47.020115 30.809242 11.649753
v 53.620213 30.578762 11.649753
v 53.620213 30.578762 5.045620
v 20.619398 31.731155 11.649753
v 20.619398 31.731155 5.045620
v 14.019025 31.961674 11.649753
v 14.019025 31.961674 5.045620
v 13.788549 25.361565 11.649753
v 13.788549 25.361565 5.045620
v 7.188428 25.592045 11.649753
v 7.188428 25.592045 5.045620
v 6.957952 18.991699 11.649753
v 6.957952 18.991699 5.045620
v -13.534073 -0.117473 11.649753
v -13.534073 -0.117473 5.045620
v -1.716458 -40.179363 11.649753
v -1.716458 -40.179363 5.045620
v -1.486028 -33.579243 11.649753
v -1.486028 -33.579243 5.045620
v 11.944712 -27.440123 11.649753
v 5.344576 -27.209610 11.649753
v 11.944712 -27.440123 5.045620
v 5.344576 -27.209610 5.045620
v 11.483746 -40.640327 5.045620
v 11.483746 -40.640327 11.649753
v -14.456015 -26.518164 11.649753
v -14.456015 -26.518164 5.045620
v -21.056112 -26.287706 11.649753
v -21.056112 -26.287706 5.045620
v -35.178524 -52.227402 11.649753
v -35.178524 -52.227402 5.045620
v -54.979076 -51.535957 11.649753
v -54.979076 -51.535957 5.045620
v -34.717514 -39.026936 5.045620
v -34.717514 -39.026936 11.649753
v 5.575068 -20.609512 5.045620
v 5.575068 -20.609512 11.649753
v -1.025053 -20.379028 5.045620
v -1.025053 -20.379028 11.649753
v -0.794547 -13.778664 5.045620
v -0.794547 -13.778664 11.649753
v -14.686467 -33.118286 11.649753
v -14.686467 -33.118286 5.045620
v -13.534073 -0.117473 11.649753
v -20.134197 0.113037 11.649753
v -13.534073 -0.117473 5.045620
v -20.134197 0.113037 5.045620
v -19.903698 6.713374 5.045620
v -19.903698 6.713374 11.649753
v -26.504063 6.943865 11.649753
v -26.504063 6.943865 5.045620
v -26.273581 13.543959 5.045620
v -26.273581 13.543959 11.649753
v -39.473797 14.004906 11.649753
v -39.473797 14.004906 5.045620
v -39.934746 0.804430 11.649753
v -39.934746 0.804430 5.045620
v -33.334679 0.573984 11.649753
v -33.334679 0.573984 5.045620
v -33.795620 -12.626220 11.649753
v -33.795620 -12.626220 5.045620
v -27.195505 -12.856733 11.649753
v -27.195505 -12.856733 5.045620
v -27.425985 -19.457106 11.649753
v -27.425985 -19.457106 5.045620
v -41.087154 -32.196381 11.649753
v -54.287678 -31.735382 11.649753
v -41.087154 -32.196381 5.045620
v -54.287678 -31.735382 5.045620
v -21.286604 -32.887791 11.649753
v -21.286604 -32.887791 5.045620
v -27.886946 -32.657326 11.649753
v -27.886946 -32.657326 5.045620
v -21.056112 -26.287706 5.045620
v -21.056112 -26.287706 11.649753
v -28.117424 -39.257412 5.045620
v -28.117424 -39.257412 11.649753
v -34.717514 -39.026936 11.649753
v -34.717514 -39.026936 5.045620
v -27.425985 -19.457106 11.649753
v -34.026108 -19.226622 11.649753
v -27.425985 -19.457106 5.045620
v -34.026108 -19.226622 5.045620
v -34.256546 -25.826740 11.649753
v -34.256546 -25.826740 5.045620
v -40.856697 -25.596249 11.649753
v -40.856697 -25.596249 5.045620
v -41.087154 -32.196381 11.649753
v -41.087154 -32.196381 5.045620
v -28.117424 -39.257412 11.649753
v -34.717514 -39.026936 11.649753
v -27.886946 -32.657326 11.649753
v -35.178524 -52.227402 11.649753
v -54.979076 -51.535957 11.649753
v -54.287678 -31.735382 11.649753
v -41.087154 -32.196381 11.649753
v -21.286604 -32.887791 11.649753
v -21.056112 -26.287706 11.649753
v -40.856697 -25.596249 11.649753
v -34.256546 -25.826740 11.649753
v 12.636132 -7.639503 11.649753
v 6.036026 -7.409033 11.649753
v 12.866623 -1.039425 11.649753
v 5.805558 -14.009141 11.649753
v -0.794547 -13.778664 11.649753
v -27.195505 -12.856733 11.649753
v -33.795620 -12.626220 11.649753
v -33.334679 0.573984 11.649753
v -13.534073 -0.117473 11.649753
v -20.134197 0.113037 11.649753
v -19.903698 6.713374 11.649753
v -39.934746 0.804430 11.649753
v -26.504063 6.943865 11.649753
v -39.473797 14.004906 11.649753
v -26.273581 13.543959 11.649753
v 19.466988 -1.269901 11.649753
v 19.697449 5.330504 11.649753
v -13.303567 6.482883 11.649753
v -6.703492 6.252412 11.649753
v 26.297615 5.100001 11.649753
v 26.528112 11.700079 11.649753
v -6.473039 12.852542 11.649753
v 0.127356 12.622038 11.649753
v 33.128197 11.469649 11.649753
v 33.358681 18.069729 11.649753
v 0.357825 19.222157 11.649753
v 6.957952 18.991699 11.649753
v 39.958801 17.839272 11.649753
v 40.189266 24.439598 11.649753
v 7.188428 25.592045 11.649753
v 13.788549 25.361565 11.649753
v 46.789631 24.209137 11.649753
v 47.020115 30.809242 11.649753
v 14.019025 31.961674 11.649753
v 20.619398 31.731155 11.649753
v -1.025053 -20.379028 11.649753
v -27.425985 -19.457106 11.649753
v 11.483746 -40.640327 11.649753
v -1.716458 -40.179363 11.649753
v 11.944712 -27.440123 11.649753
v -1.486028 -33.579243 11.649753
v -14.686467 -33.118286 11.649753
v -14.456015 -26.518164 11.649753
v 5.344576 -27.209610 11.649753
v 5.575068 -20.609512 11.649753
v -34.026108 -19.226622 11.649753
v 53.620213 30.578762 11.649753
v 54.313725 50.438354 11.649753
v 27.450001 38.100796 11.649753
v 34.280598 44.470428 11.649753
v 34.513073 51.129761 11.649753
v 27.680485 44.700901 11.649753
v 20.849842 38.331287 11.649753
v -28.117424 -39.257412 5.045620
v -34.717514 -39.026936 5.045620
v -27.886946 -32.657326 5.045620
v -35.178524 -52.227402 5.045620
v -54.979076 -51.535957 5.045620
v -54.287678 -31.735382 5.045620
v -41.087154 -32.196381 5.045620
v -21.286604 -32.887791 5.045620
v -21.056112 -26.287706 5.045620
v -40.856697 -25.596249 5.045620
v -34.256546 -25.826740 5.045620
v 12.636132 -7.639503 5.045620
v 6.036026 -7.409033 5.045620
v 12.866623 -1.039425 5.045620
v 5.805558 -14.009141 5.045620
v -0.794547 -13.778664 5.045620
v -27.195505 -12.856733 5.045620
v -33.795620 -12.626220 5.045620
v -33.334679 0.573984 5.045620
v -13.534073 -0.117473 5.045620
v -20.134197 0.113037 5.045620
v -19.903698 6.713374 5.045620
v -39.934746 0.804430 5.045620
v -26.504063 6.943865 5.045620
v -39.473797 14.004906 5.045620
v -26.273581 13.543959 5.045620
v 19.466988 -1.269901 5.045620
v 19.697449 5.330504 5.045620
v -13.303567 6.482883 5.045620
v -6.703492 6.252412 5.045620
v 26.297615 5.100001 5.045620
v 26.528112 11.700079 5.045620
v -6.473039 12.852542 5.045620
v 0.127356 12.622038 5.045620
v 33.128197 11.469649 5.045620
v 33.358681 18.069729 5.045620
v 0.357825 19.222157 5.045620
v 6.957952 18.991699 5.045620
v 39.958801 17.839272 5.045620
v 40.189266 24.439598 5.045620
v 7.188428 25.592045 5.045620
v 13.788549 25.361565 5.045620
v 46.789631 24.209137 5.045620
v 47.020115 30.809242 5.045620
v 14.019025 31.961674 5.045620
v 20.619398 31.731155 5.045620
v -1.025053 -20.379028 5.045620
v -27.425985 -19.457106 5.045620
v 11.483746 -40.640327 5.045620
v -1.716458 -40.179363 5.045620
v 11.944712 -27.440123 5.045620
v -1.486028 -33.579243 5.045620
v -14.686467 -33.118286 5.045620
v -14.456015 -26.518164 5.045620
v 5.344576 -27.209610 5.045620
v 5.575068 -20.609512 5.045620
v -34.026108 -19.226622 5.045620
v 53.620213 30.578762 5.045620
v 54.313725 50.438354 5.045620
v 27.450001 38.100796 5.045620
v 34.280598 44.470428 5.045620
v 34.513073 51.129761 5.045620
v 27.680485 44.700901 5.045620
v 20.849842 38.331287 5.045620
v -119.548012 14.601366 -5.167260
v -119.548012 14.601366 4.675140
v -126.862358 21.187210 4.675140
v -126.862358 21.187210 -5.167260
v -90.290359 -11.742290 4.675140
v -82.975739 -18.328409 4.675140
v -90.290359 -11.742290 -5.167260
v -82.975739 -18.328409 -5.167260
v -133.448212 13.872867 -5.167260
v -133.448212 13.872867 4.675140
v -96.876228 -19.056641 4.675140
v -96.876228 -19.056641 -5.167260
v -140.762558 20.458723 4.675140
v -140.762558 20.458723 -5.167260
v -147.348633 13.144124 -5.167260
v -147.348633 13.144124 4.675140
v -159.791809 -15.384741 4.675140
v -159.791809 -15.384741 -5.167260
v -166.436798 -22.764748 4.675140
v -166.436798 -22.764748 -5.167260
v -152.477539 -21.970589 4.675140
v -152.477539 -21.970589 -5.167260
v -188.380127 -3.006946 4.675140
v -188.380127 -3.006946 -5.167260
v -145.891647 -14.656250 4.675140
v -138.577301 -21.242105 4.675140
v -145.891647 -14.656250 -5.167260
v -138.577301 -21.242105 -5.167260
v -154.663269 19.730232 -5.167260
v -154.663269 19.730232 4.675140
v -161.249084 12.415897 -5.167260
v -161.249084 12.415897 4.675140
v -168.563431 19.001747 4.675140
v -168.563431 19.001747 -5.167260
v -131.991455 -13.927769 4.675140
v -131.991455 -13.927769 -5.167260
v -124.676842 -20.513897 4.675140
v -124.676842 -20.513897 -5.167260
v -118.090996 -13.199560 4.675140
v -118.090996 -13.199560 -5.167260
v -110.776657 -19.785412 4.675140
v -110.776657 -19.785412 -5.167260
v -104.190575 -12.470806 4.675140
v -104.190575 -12.470806 -5.167260
v -119.548012 14.601366 4.675140
v -90.290359 -11.742290 4.675140
v -126.862358 21.187210 4.675140
v -133.448212 13.872867 4.675140
v -96.876228 -19.056641 4.675140
v -104.190575 -12.470806 4.675140
v -140.762558 20.458723 4.675140
v -147.348633 13.144124 4.675140
v -118.090996 -13.199560 4.675140
v -154.663269 19.730232 4.675140
v -161.249084 12.415897 4.675140
v -124.676842 -20.513897 4.675140
v -131.991455 -13.927769 4.675140
v -168.563431 19.001747 4.675140
v -188.380127 -3.006946 4.675140
v -145.891647 -14.656250 4.675140
v -159.791809 -15.384741 4.675140
v -166.436798 -22.764748 4.675140
v -152.477539 -21.970589 4.675140
v -138.577301 -21.242105 4.675140
v -119.548012 14.601366 -5.167260
v -82.975739 -18.328409 -5.167260
v -90.290359 -11.742290 -5.167260
v -126.862358 21.187210 -5.167260
v -133.448212 13.872867 -5.167260
v -96.876228 -19.056641 -5.167260
v -104.190575 -12.470806 -5.167260
v -140.762558 20.458723 -5.167260
v -147.348633 13.144124 -5.167260
v -118.090996 -13.199560 -5.167260
v -154.663269 19.730232 -5.167260
v -161.249084 12.415897 -5.167260
v -124.676842 -20.513897 -5.167260
v -131.991455 -13.927769 -5.167260
v -145.891647 -14.656250 -5.167260
v -159.791809 -15.384741 -5.167260
v -152.477539 -21.970589 -5.167260
v -138.577301 -21.242105 -5.167260
# 1470 vertices

vt 0.94147 0.48597
vt 0.91249 0.48597
vt 0.94147 0.48907
vt 0.91249 0.48907
vt 0.97044 0.49526
vt 0.94147 0.49526
vt 0.97044 0.49836
vt 0.94147 0.49836
vt 0.94147 0.49216
vt 0.91249 0.49216
vt 0.97044 0.49216
vt 0.94147 0.48287
vt 0.91249 0.48287
vt 0.97044 0.50146
vt 0.94147 0.50146
vt 0.94147 0.47977
vt 0.91249 0.47977
vt 0.97044 0.50456
vt 0.94147 0.50456
vt 0.91249 0.50146
vt 0.91249 0.50456
vt 0.91249 0.49836
vt 0.91249 0.49526
vt 0.97044 0.48907
vt 0.94147 0.47667
vt 0.91249 0.47667
vt 0.97044 0.50766
vt 0.94147 0.50766
vt 0.94147 0.51695
vt 0.91249 0.51695
vt 0.94147 0.52008
vt 0.91249 0.52008
vt 0.97044 0.47977
vt 0.97044 0.48287
vt 0.94147 0.47048
vt 0.97044 0.47048
vt 0.97044 0.48597
vt 0.94147 0.51385
vt 0.91249 0.51385
vt 0.97044 0.51075
vt 0.94147 0.51075
vt 0.91249 0.47048
vt 0.94147 0.47358
vt 0.91249 0.47358
vt 0.97044 0.52008
vt 0.91249 0.51075
vt 0.91249 0.50766
vt 0.94258 0.02703
vt 0.91191 0.02703
vt 0.94258 0.03069
vt 0.91191 0.03069
vt 0.94258 0.04168
vt 0.94258 0.04534
vt 0.97324 0.04168
vt 0.97324 0.04534
vt 0.97324 0.02703
vt 0.97324 0.03436
vt 0.94258 0.03436
vt 0.94258 0.05633
vt 0.91191 0.05633
vt 0.94258 0.06000
vt 0.91191 0.06000
vt 0.94258 0.06732
vt 0.91191 0.06732
vt 0.94258 0.07831
vt 0.91191 0.07831
vt 0.97324 0.01971
vt 0.94258 0.01971
vt 0.97324 0.03802
vt 0.94258 0.03802
vt 0.94258 0.04901
vt 0.91191 0.04901
vt 0.91191 0.03436
vt 0.91191 0.04168
vt 0.97324 0.04901
vt 0.97324 0.05633
vt 0.97324 0.06000
vt 0.97324 0.05267
vt 0.94258 0.05267
vt 0.94258 0.06366
vt 0.97324 0.06366
vt 0.94258 0.07098
vt 0.97324 0.07098
vt 0.91191 0.07098
vt 0.91191 0.06366
vt 0.91191 0.03802
vt 0.97324 0.07831
vt 0.91191 0.01971
vt 0.94493 0.13317
vt 0.91848 0.13317
vt 0.94493 0.15961
vt 0.91848 0.15961
vt 0.97327 0.15980
vt 0.94683 0.15980
vt 0.97327 0.18624
vt 0.94683 0.18624
vt 0.97327 0.13335
vt 0.94683 0.13335
vt 0.94493 0.18605
vt 0.91848 0.18605
vt 0.94913 0.24080
vt 0.94913 0.26857
vt 0.97689 0.24080
vt 0.97689 0.26857
vt 0.94833 0.26850
vt 0.92057 0.26850
vt 0.94833 0.29626
vt 0.92057 0.29626
vt 0.94913 0.29633
vt 0.97689 0.29633
vt 0.94833 0.24073
vt 0.92057 0.24073
vt 1.25000 1.12500
vt 1.18750 1.12500
vt 1.25000 1.18750
vt 1.18750 1.00000
vt 1.00000 1.00000
vt 1.00000 1.18750
vt 1.12500 1.18750
vt 1.31250 1.18750
vt 1.31250 1.25000
vt 1.12500 1.25000
vt 1.18750 1.25000
vt 1.62500 1.43750
vt 1.56250 1.43750
vt 1.62500 1.50000
vt 1.56250 1.37500
vt 1.50000 1.37500
vt 1.25000 1.37500
vt 1.18750 1.37500
vt 1.18750 1.50000
vt 1.37500 1.50000
vt 1.31250 1.50000
vt 1.31250 1.56250
vt 1.12500 1.50000
vt 1.25000 1.56250
vt 1.12500 1.62500
vt 1.25000 1.62500
vt 1.68750 1.50000
vt 1.68750 1.56250
vt 1.37500 1.56250
vt 1.43750 1.56250
vt 1.75000 1.56250
vt 1.75000 1.62500
vt 1.43750 1.62500
vt 1.50000 1.62500
vt 1.81250 1.62500
vt 1.81250 1.68750
vt 1.50000 1.68750
vt 1.56250 1.68750
vt 1.87500 1.68750
vt 1.87500 1.75000
vt 1.56250 1.75000
vt 1.62500 1.75000
vt 1.93750 1.75000
vt 1.93750 1.81250
vt 1.62500 1.81250
vt 1.68750 1.81250
vt 1.50000 1.31250
vt 1.25000 1.31250
vt 1.62500 1.12500
vt 1.50000 1.12500
vt 1.62500 1.25000
vt 1.50000 1.18750
vt 1.37500 1.18750
vt 1.37500 1.25000
vt 1.56250 1.25000
vt 1.56250 1.31250
vt 1.18750 1.31250
vt 2.00000 1.81250
vt 2.00000 2.00060
vt 1.75000 1.87500
vt 1.81250 1.93750
vt 1.81250 2.00060
vt 1.75000 1.93750
vt 1.68750 1.87500
vt 0.00473 0.89527
vt 0.00188 0.89813
vt 0.01044 0.89813
vt 0.00759 0.89527
vt 0.01044 0.88956
vt 0.00759 0.89241
vt 0.00188 0.88956
vt 0.00473 0.89241
vt 0.27371 0.85284
vt 0.13713 0.71627
vt 0.00057 0.85284
vt 0.13713 0.98942
vt 0.01051 0.88602
vt 0.00185 0.88602
vt 0.00473 0.88319
vt 0.00762 0.88319
vt 0.01051 0.87751
vt 0.00762 0.88036
vt 0.00185 0.87751
vt 0.00473 0.88036
vt 0.27346 0.85261
vt 0.13714 0.71627
vt 0.00081 0.85261
vt 0.13714 0.98893
# 200 texture vertices

vn 0.66913 0.74315 0.00000
vn -0.74315 0.66913 0.00000
vn 0.66913 0.74315 0.00000
vn 0.66913 0.74314 0.00000
vn -0.74314 0.66913 0.00000
vn 0.66913 0.74315 0.00000
vn 0.66913 0.74315 0.00000
vn -0.66913 -0.74314 0.00000
vn -0.74315 0.66913 0.00000
vn 0.74314 -0.66913 0.00000
vn 0.74314 -0.66913 0.00000
vn -0.66913 -0.74314 0.00000
vn 0.66913 0.74315 0.00000
vn 0.66913 0.74315 0.00000
vn -0.74315 0.66913 0.00000
vn 0.74314 -0.66913 0.00000
vn -0.66913 -0.74314 0.00000
vn -0.66913 -0.74315 0.00000
vn -0.66913 -0.74315 0.00000
vn -0.66913 -0.74315 0.00000
vn -0.74315 0.66913 0.00000
vn 0.66913 0.74315 0.00000
vn 0.74315 -0.66913 0.00000
vn -0.66913 -0.74314 0.00000
vn -0.66913 -0.74315 0.00000
vn 0.74315 -0.66913 0.00000
vn 0.74314 -0.66913 0.00000
vn 0.74315 -0.66913 0.00000
vn 0.74315 -0.66913 0.00000
vn -0.66913 -0.74314 0.00000
vn -0.66913 -0.74314 0.00000
vn -0.74314 0.66913 0.00000
vn -0.74314 0.66913 0.00000
vn 0.66913 0.74315 0.00000
vn 0.66913 0.74315 0.00000
vn 0.66913 0.74315 0.00000
vn -0.74314 0.66913 0.00000
vn -0.74314 0.66913 0.00000
vn -0.74315 0.66913 0.00000
vn -0.74315 0.66913 0.00000
vn -0.74315 0.66913 0.00000
vn -0.74315 0.66913 0.00000
vn 0.66913 0.74314 0.00000
vn 0.66913 0.74314 0.00000
vn -0.66913 -0.74314 0.00000
vn -0.74315 0.66913 0.00000
vn -0.66913 -0.74314 0.00000
vn -0.74314 0.66913 0.00000
vn -0.66913 -0.74314 0.00000
vn 0.74315 -0.66913 0.00000
vn 0.66913 0.74315 0.00000
vn 0.66913 0.74315 0.00000
vn 0.74315 -0.66913 0.00000
vn 0.74315 -0.66913 0.00000
vn 0.66913 0.74314 0.00000
vn 0.66913 0.74314 0.00000
vn 0.74315 -0.66913 0.00000
vn -0.66913 -0.74315 0.00000
vn -0.66913 -0.74315 0.00000
vn -0.74315 0.66913 0.00000
vn -0.74314 0.66913 0.00000
vn 0.66913 0.74315 0.00000
vn -0.66913 -0.74315 0.00000
vn 0.74315 -0.66913 0.00000
vn -0.66913 -0.74314 0.00000
vn 0.74315 -0.66913 0.00000
vn 0.00000 0.00000 1.00000
vn 0.00000 0.00000 -1.00000
vn 0.00000 0.00000 1.00000
vn -0.08528 0.25586 0.96295
vn 0.25586 0.08529 0.96295
vn -0.25585 -0.08529 0.96295
vn 0.08529 -0.25586 0.96295
vn 0.06396 0.19188 0.97933
vn 0.15315 -0.05105 0.98688
vn -0.15315 0.05105 0.98688
vn -0.06396 -0.19188 0.97933
vn -0.08528 0.25586 -0.96295
vn 0.25586 0.08529 -0.96295
vn -0.25585 -0.08529 -0.96295
vn 0.08529 -0.25586 -0.96295
vn 0.06396 0.19188 -0.97933
vn 0.15315 -0.05105 -0.98688
vn -0.15315 0.05105 -0.98688
vn -0.06396 -0.19188 -0.97933
vn 0.03490 0.99939 0.00000
vn -0.99939 0.03489 0.00000
vn -0.99939 0.03489 0.00000
vn 0.03490 0.99939 0.00000
vn 0.03490 0.99939 0.00000
vn -0.99939 0.03490 0.00000
vn -0.99939 0.03490 0.00000
vn 0.03489 0.99939 0.00000
vn 0.03489 0.99939 0.00000
vn -0.03490 -0.99939 0.00000
vn -0.03490 -0.99939 0.00000
vn -0.99939 0.03490 0.00000
vn -0.99939 0.03490 0.00000
vn 0.99939 -0.03490 0.00000
vn 0.99939 -0.03490 0.00000
vn -0.03490 -0.99939 0.00000
vn 0.03490 0.99939 0.00000
vn 0.03490 0.99939 0.00000
vn -0.99939 0.03490 0.00000
vn 0.99939 -0.03489 0.00000
vn 0.99939 -0.03489 0.00000
vn -0.03490 -0.99939 0.00000
vn -0.03490 -0.99939 0.00000
vn -0.03490 -0.99939 0.00000
vn -0.03490 -0.99939 0.00000
vn -0.03490 -0.99939 0.00000
vn -0.99939 0.03490 0.00000
vn 0.03490 0.99939 0.00000
vn 0.99939 -0.03489 0.00000
vn -0.03490 -0.99939 0.00000
vn -0.03490 -0.99939 0.00000
vn 0.99939 -0.03490 0.00000
vn 0.99939 -0.03490 0.00000
vn -0.03490 -0.99939 0.00000
vn 0.99939 -0.03490 0.00000
vn 0.99939 -0.03490 0.00000
vn 0.99939 -0.03489 0.00000
vn 0.99939 -0.03489 0.00000
vn -0.03490 -0.99939 0.00000
vn -0.99939 0.03490 0.00000
vn 0.03490 0.99939 0.00000
vn 0.03490 0.99939 0.00000
vn 0.03490 0.99939 0.00000
vn -0.99939 0.03490 0.00000
vn -0.99939 0.03490 0.00000
vn -0.99939 0.03490 0.00000
vn -0.99939 0.03490 0.00000
vn 0.03490 0.99939 0.00000
vn -0.03490 -0.99939 0.00000
vn -0.03490 -0.99939 0.00000
vn -0.99939 0.03490 0.00000
vn -0.99939 0.03490 0.00000
vn -0.03490 -0.99939 0.00000
vn -0.03490 -0.99939 0.00000
vn -0.99939 0.03490 0.00000
vn -0.03490 -0.99939 0.00000
vn -0.03490 -0.99939 0.00000
vn 0.99939 -0.03490 0.00000
vn 0.03489 0.99939 0.00000
vn 0.03489 0.99939 0.00000
vn 0.99939 -0.03490 0.00000
vn 0.03490 0.99939 0.00000
vn 0.99939 -0.03490 0.00000
vn -0.03490 -0.99939 0.00000
vn -0.03490 -0.99939 0.00000
vn 0.03490 0.99939 0.00000
vn -0.99939 0.03490 0.00000
vn -0.99939 0.03490 0.00000
vn -0.99939 0.03490 0.00000
vn -0.99939 0.03490 0.00000
vn 0.03490 0.99939 0.00000
vn -0.03490 -0.99939 0.00000
vn 0.99939 -0.03489 0.00000
vn 0.99939 -0.03489 0.00000
vn -0.03490 -0.99939 0.00000
vn -0.03490 -0.99939 0.00000
vn 0.99939 -0.03490 0.00000
vn -0.03490 -0.99939 0.00000
vn 0.99939 -0.03489 0.00000
vn 0.99939 -0.03489 0.00000
vn -0.03490 -0.99939 0.00000
vn -0.03490 -0.99939 0.00000
vn 0.99939 -0.03490 0.00000
vn 0.99939 -0.03490 0.00000
vn -0.03489 -0.99939 0.00000
vn -0.03489 -0.99939 0.00000
vn 0.03490 0.99939 0.00000
vn 0.03490 0.99939 0.00000
vn 0.99939 -0.03490 0.00000
vn 0.99939 -0.03490 0.00000
vn -0.99939 0.03490 0.00000
vn -0.99939 0.03490 0.00000
vn 0.03490 0.99939 0.00000
vn -0.03490 -0.99939 0.00000
vn -0.03490 -0.99939 0.00000
vn 0.99939 -0.03490 0.00000
vn -0.99939 0.03489 0.00000
vn -0.99939 0.03489 0.00000
vn 0.03490 0.99939 0.00000
vn 0.03490 0.99939 0.00000
vn 0.03490 0.99939 0.00000
vn 0.03490 0.99939 0.00000
vn 0.03490 0.99939 0.00000
vn 0.99939 -0.03490 0.00000
vn -0.03490 -0.99939 0.00000
vn -0.99939 0.03489 0.00000
vn 0.03490 0.99939 0.00000
vn 0.03490 0.99939 0.00000
vn -0.99939 0.03490 0.00000
vn -0.99939 0.03490 0.00000
vn 0.03490 0.99939 0.00000
vn -0.99939 0.03490 0.00000
vn -0.99939 0.03490 0.00000
vn -0.99939 0.03489 0.00000
vn -0.99939 0.03489 0.00000
vn 0.03490 0.99939 0.00000
vn 0.99939 -0.03490 0.00000
vn 0.99939 -0.03490 0.00000
vn -0.03490 -0.99939 0.00000
vn -0.03490 -0.99939 0.00000
vn -0.03490 -0.99939 0.00000
vn 0.99939 -0.03490 0.00000
vn 0.99939 -0.03490 0.00000
vn 0.99939 -0.03490 0.00000
vn -0.03490 -0.99939 0.00000
vn 0.03490 0.99939 0.00000
vn 0.03490 0.99939 0.00000
vn 0.99939 -0.03490 0.00000
vn 0.99939 -0.03490 0.00000
vn 0.03490 0.99939 0.00000
vn 0.99939 -0.03490 0.00000
vn 0.03490 0.99939 0.00000
vn 0.03490 0.99939 0.00000
vn -0.99939 0.03490 0.00000
vn -0.03489 -0.99939 0.00000
vn -0.03489 -0.99939 0.00000
vn -0.99939 0.03490 0.00000
vn -0.03490 -0.99939 0.00000
vn -0.99939 0.03490 0.00000
vn 0.03490 0.99939 0.00000
vn 0.03490 0.99939 0.00000
vn -0.03490 -0.99939 0.00000
vn 0.99939 -0.03490 0.00000
vn 0.99939 -0.03490 0.00000
vn 0.99939 -0.03490 0.00000
vn -0.03490 -0.99939 0.00000
vn 0.03490 0.99939 0.00000
vn -0.99939 0.03489 0.00000
vn -0.99939 0.03489 0.00000
vn 0.03490 0.99939 0.00000
vn 0.03490 0.99939 0.00000
vn -0.99939 0.03490 0.00000
vn -0.66913 -0.74315 0.00000
vn -0.74314 0.66913 0.00000
vn -0.66913 -0.74315 0.00000
vn -0.74314 0.66913 0.00000
vn 0.66913 0.74314 0.00000
vn -0.74314 0.66913 0.00000
vn -0.66913 -0.74315 -0.00000
vn -0.74315 0.66913 0.00000
vn -0.74315 0.66913 0.00000
vn -0.66913 -0.74315 0.00000
vn 0.74315 -0.66913 0.00000
vn -0.66913 -0.74315 0.00000
vn -0.74314 0.66913 0.00000
vn 0.74314 -0.66913 0.00000
vn -0.66913 -0.74314 0.00000
vn 0.74314 -0.66913 0.00000
vn -0.66913 -0.74315 0.00000
vn 0.66913 0.74314 0.00000
vn 0.74315 -0.66913 0.00000
vn -0.74314 0.66913 0.00000
vn 0.66913 0.74314 0.00000
vn -0.66913 -0.74315 0.00000
vn 0.74315 -0.66913 0.00000
vn 0.66913 0.74315 0.00000
vn 0.66913 0.74315 0.00000
vn 0.66913 0.74315 0.00000
vn 0.74314 -0.66913 0.00000
vn 0.74314 -0.66913 0.00000
vn -0.74314 0.66913 0.00000
vn 0.74315 -0.66913 0.00000
vn 0.74315 -0.66913 0.00000
vn 0.66913 0.74315 0.00000
vn 0.66913 0.74315 0.00000
vn -0.66913 -0.74315 0.00000
vn -0.66913 -0.74315 -0.00000
vn 0.66913 0.74314 0.00000
vn 0.66913 0.74315 0.00000
vn -0.66913 -0.74315 0.00000
vn 0.66913 0.74315 0.00000
vn -0.74315 0.66913 0.00000
vn -0.74315 0.66913 0.00000
vn 0.74314 -0.66913 0.00000
vn 0.74314 -0.66913 0.00000
vn -0.66913 -0.74315 0.00000
vn -0.66913 -0.74315 0.00000
vn -0.66913 -0.74315 -0.00000
vn 0.74314 -0.66913 0.00000
vn 0.74314 -0.66913 0.00000
vn 0.74315 -0.66913 0.00000
vn 0.74315 -0.66913 0.00000
vn 0.74315 -0.66913 0.00000
vn 0.74315 -0.66913 0.00000
vn -0.66913 -0.74314 -0.00000
vn 0.74315 -0.66913 0.00000
vn -0.74315 0.66913 0.00000
vn 0.66913 0.74314 0.00000
vn 0.66913 0.74314 0.00000
vn -0.66913 -0.74314 0.00000
vn -0.66913 -0.74314 -0.00000
vn 0.66913 0.74314 0.00000
vn 0.66913 0.74314 0.00000
vn 0.66913 0.74314 0.00000
vn -0.74315 0.66913 0.00000
vn -0.66913 -0.74315 0.00000
vn -0.66913 -0.74315 -0.00000
vn -0.74315 0.66913 0.00000
vn -0.74315 0.66913 0.00000
vn 0.66913 0.74315 0.00000
vn 0.66913 0.74315 0.00000
vn 0.74315 -0.66913 0.00000
vn -0.74315 0.66913 0.00000
vn 0.74314 -0.66913 0.00000
vn -0.66913 -0.74315 0.00000
vn 0.66913 0.74315 0.00000
vn -0.74315 0.66913 0.00000
vn -0.74315 0.66913 0.00000
vn 0.00000 0.00000 -1.00000
vn -0.03490 -0.99939 0.00000
vn -0.03490 -0.99939 0.00000
vn -0.99939 0.03490 0.00000
vn -0.99939 0.03490 0.00000
vn 0.99939 -0.03490 0.00000
vn 0.99939 -0.03490 0.00000
vn -0.03490 -0.99939 0.00000
vn 0.99939 -0.03490 0.00000
vn 0.99939 -0.03490 0.00000
vn -0.03489 -0.99939 0.00000
vn -0.03489 -0.99939 -0.00000
vn 0.03490 0.99939 0.00000
vn 0.03490 0.99939 0.00000
vn 0.99939 -0.03490 0.00000
vn 0.99939 -0.03490 0.00000
vn -0.99939 0.03490 0.00000
vn -0.99939 0.03490 0.00000
vn 0.03490 0.99939 0.00000
vn -0.03490 -0.99939 0.00000
vn -0.99939 0.03490 0.00000
vn 0.99939 -0.03490 0.00000
vn 0.99939 -0.03490 0.00000
vn 0.03490 0.99939 0.00000
vn 0.03490 0.99939 0.00000
vn -0.99939 0.03490 0.00000
vn 0.99939 -0.03490 0.00000
vn 0.03490 0.99939 0.00000
vn 0.03490 0.99939 0.00000
vn -0.03490 -0.99939 0.00000
vn -0.03490 -0.99939 -0.00000
vn -0.99939 0.03489 0.00000
vn 0.03490 0.99939 0.00000
vn 0.03490 0.99939 0.00000
vn -0.99939 0.03490 0.00000
vn -0.99939 0.03490 0.00000
vn 0.03490 0.99939 0.00000
vn -0.99939 0.03490 0.00000
vn -0.03490 -0.99939 0.00000
vn 0.03490 0.99939 0.00000
vn -0.99939 0.03490 0.00000
vn -0.99939 0.03489 0.00000
vn -0.99939 0.03489 0.00000
vn 0.03490 0.99939 0.00000
vn 0.99939 -0.03490 0.00000
vn 0.99939 -0.03490 0.00000
vn 0.99939 -0.03490 0.00000
vn 0.99939 -0.03490 0.00000
vn 0.99939 -0.03490 0.00000
vn -0.99939 0.03490 0.00000
vn 0.03490 0.99939 0.00000
vn -0.03490 -0.99939 0.00000
vn -0.03490 -0.99939 0.00000
vn 0.03490 0.99939 0.00000
vn 0.03490 0.99939 0.00000
vn 0.03490 0.99939 0.00000
vn 0.03490 0.99939 0.00000
vn 0.03490 0.99939 0.00000
vn 0.99939 -0.03490 0.00000
vn 0.03490 0.99939 0.00000
vn 0.03490 0.99939 0.00000
vn -0.03489 -0.99939 0.00000
vn -0.03489 -0.99939 -0.00000
vn -0.03490 -0.99939 0.00000
vn 0.99939 -0.03490 0.00000
vn 0.99939 -0.03490 0.00000
vn -0.99939 0.03490 0.00000
vn -0.99939 0.03490 0.00000
vn -0.03490 -0.99939 0.00000
vn 0.99939 -0.03490 0.00000
vn 0.99939 -0.03490 0.00000
vn 0.99939 -0.03490 0.00000
vn 0.99939 -0.03490 0.00000
vn 0.03490 0.99939 0.00000
vn -0.99939 0.03489 0.00000
vn -0.99939 0.03489 0.00000
vn 0.03490 0.99939 0.00000
vn 0.03490 0.99939 0.00000
vn 0.99939 -0.03490 0.00000
vn -0.99939 0.03490 0.00000
vn 0.03490 0.99939 0.00000
vn -0.99939 0.03490 0.00000
vn -0.99939 0.03490 0.00000
vn 0.03489 0.99939 0.00000
vn 0.03489 0.99939 0.00000
vn -0.03490 -0.99939 0.00000
vn -0.03490 -0.99939 0.00000
vn -0.99939 0.03490 0.00000
vn -0.99939 0.03490 0.00000
vn 0.99939 -0.03490 0.00000
vn 0.99939 -0.03490 0.00000
vn -0.03490 -0.99939 0.00000
vn 0.03490 0.99939 0.00000
vn 0.99939 -0.03490 0.00000
vn -0.99939 0.03490 0.00000
vn -0.99939 0.03490 0.00000
vn -0.03490 -0.99939 0.00000
vn -0.03490 -0.99939 0.00000
vn 0.99939 -0.03489 0.00000
vn -0.03490 -0.99939 0.00000
vn -0.03490 -0.99939 0.00000
vn 0.99939 -0.03490 0.00000
vn 0.99939 -0.03490 0.00000
vn -0.03490 -0.99939 0.00000
vn 0.99939 -0.03490 0.00000
vn 0.99939 -0.03490 0.00000
vn 0.99939 -0.03489 0.00000
vn 0.99939 -0.03489 0.00000
vn -0.03490 -0.99939 0.00000
vn -0.99939 0.03490 0.00000
vn -0.99939 0.03490 0.00000
vn -0.99939 0.03490 0.00000
vn -0.99939 0.03490 0.00000
vn -0.99939 0.03490 0.00000
vn 0.99939 -0.03490 0.00000
vn -0.03490 -0.99939 0.00000
vn -0.03490 -0.99939 0.00000
vn -0.03490 -0.99939 0.00000
vn -0.99939 0.03490 0.00000
vn -0.03490 -0.99939 0.00000
vn -0.03490 -0.99939 0.00000
vn 0.03489 0.99939 0.00000
vn 0.03489 0.99939 0.00000
vn 0.03490 0.99939 0.00000
vn 0.03490 0.99939 0.00000
vn -0.99939 0.03490 0.00000
vn -0.99939 0.03490 0.00000
vn -0.99939 0.03490 0.00000
vn -0.03490 -0.99939 0.00000
vn 0.99939 -0.03489 0.00000
vn 0.99939 -0.03489 0.00000
# 444 normal vertices

g blade
f 3/3/1 2/2/1 1/1/1
f 1/1/247 2/2/247 3/3/247
f 2/2/1 3/3/1 4/4/1
f 4/4/247 3/3/247 2/2/247
f 5/7/2 1/6/2 2/5/2
f 2/5/248 1/6/248 5/7/248
f 1/6/2 5/7/2 6/8/2
f 6/8/248 5/7/248 1/6/248
f 9/9/3 8/4/3 7/3/3
f 7/3/249 8/4/249 9/9/249
f 8/4/3 9/9/3 10/10/3
f 10/10/249 9/9/249 8/4/249
f 4/5/250 7/9/250 8/11/250
f 8/11/251 7/9/251 4/5/251
f 7/9/250 4/5/250 3/6/250
f 3/6/251 4/5/251 7/9/251
f 6/1/4 12/13/4 11/12/4
f 11/12/252 12/13/252 6/1/252
f 12/13/4 6/1/4 5/2/4
f 5/2/252 6/1/252 12/13/252
f 13/14/5 11/8/5 12/7/5
f 12/7/253 11/8/253 13/14/253
f 11/8/5 13/14/5 14/15/5
f 14/15/253 13/14/253 11/8/253
f 14/12/7 16/17/7 15/16/6
f 15/16/238 16/17/254 14/12/254
f 16/17/7 14/12/7 13/13/6
f 13/13/238 14/12/254 16/17/254
f 19/5/8 18/8/8 17/6/8
f 17/6/255 18/8/255 19/5/255
f 18/8/8 19/5/8 20/7/8
f 20/7/255 19/5/255 18/8/255
f 21/18/9 15/15/9 16/14/9
f 16/14/256 15/15/256 21/18/256
f 15/15/9 21/18/9 22/19/9
f 22/19/256 21/18/256 15/15/256
f 23/19/10 19/20/10 17/15/10
f 17/15/239 19/20/239 23/19/239
f 19/20/10 23/19/10 24/21/10
f 24/21/239 23/19/239 19/20/239
f 18/15/11 26/22/11 25/8/11
f 25/8/257 26/22/257 18/15/257
f 26/22/11 18/15/11 20/20/11
f 20/20/257 18/15/257 26/22/257
f 26/7/12 27/15/12 25/8/12
f 25/8/258 27/15/258 26/7/258
f 27/15/12 26/7/12 28/14/12
f 28/14/258 26/7/258 27/15/258
f 31/6/13 30/10/13 29/9/13
f 29/9/259 30/10/259 31/6/259
f 30/10/13 31/6/13 32/23/13
f 32/23/259 31/6/259 30/10/259
f 10/11/245 29/3/245 30/24/245
f 30/24/23 29/3/23 10/11/23
f 29/3/245 10/11/245 9/9/245
f 9/9/23 10/11/23 29/3/23
f 22/16/14 34/26/14 33/25/14
f 33/25/240 34/26/240 22/16/240
f 34/26/14 22/16/14 21/17/14
f 21/17/240 22/16/240 34/26/240
f 35/27/15 33/19/15 34/18/15
f 34/18/260 33/19/260 35/27/260
f 33/19/15 35/27/15 36/28/15
f 36/28/260 35/27/260 33/19/260
f 39/31/16 38/30/16 37/29/16
f 37/29/241 38/30/241 39/31/241
f 38/30/16 39/31/16 40/32/16
f 40/32/241 39/31/241 38/30/241
f 38/33/17 41/12/17 37/16/17
f 37/16/242 41/12/242 38/33/242
f 41/12/17 38/33/17 42/34/17
f 42/34/242 38/33/242 41/12/242
f 44/36/18 39/16/18 43/35/18
f 43/35/261 39/16/261 44/36/261
f 39/16/18 44/36/18 40/33/18
f 40/33/261 44/36/261 39/16/261
f 47/34/20 46/1/20 45/12/19
f 45/12/263 46/1/262 47/34/262
f 46/1/20 47/34/20 48/37/19
f 48/37/263 47/34/262 46/1/262
f 41/29/265 47/39/265 45/38/264
f 45/38/243 47/39/266 41/29/266
f 47/39/265 41/29/265 42/30/264
f 42/30/243 41/29/266 47/39/266
f 51/40/21 50/28/21 49/27/21
f 49/27/267 50/28/267 51/40/267
f 50/28/21 51/40/21 52/41/21
f 52/41/267 51/40/267 50/28/267
f 52/43/22 54/42/22 53/35/22
f 53/35/244 54/42/244 52/43/244
f 54/42/22 52/43/22 51/44/22
f 51/44/244 52/43/244 54/42/244
f 44/45/46 53/41/46 54/40/46
f 54/40/268 53/41/268 44/45/268
f 53/41/46 44/45/46 43/31/46
f 43/31/268 44/45/268 53/41/268
f 36/25/270 49/44/270 50/43/269
f 50/43/272 49/44/271 36/25/271
f 49/44/270 36/25/270 35/26/269
f 35/26/272 36/25/271 49/44/271
f 46/38/23 56/46/23 55/41/23
f 55/41/245 56/46/245 46/38/245
f 56/46/23 46/38/23 48/39/23
f 48/39/245 46/38/245 56/46/245
f 56/37/24 57/3/24 55/1/24
f 55/1/273 57/3/273 56/37/273
f 57/3/24 56/37/24 58/24/24
f 58/24/273 56/37/273 57/3/273
f 57/41/23 60/47/23 59/28/23
f 59/28/245 60/47/245 57/41/245
f 60/47/23 57/41/23 58/46/23
f 58/46/245 57/41/245 60/47/245
f 60/24/25 61/9/25 59/3/25
f 59/3/274 61/9/274 60/24/274
f 61/9/25 60/24/25 62/11/25
f 62/11/274 60/24/274 61/9/274
f 61/28/26 64/21/26 63/19/26
f 63/19/246 64/21/246 61/28/246
f 64/21/26 61/28/26 62/47/26
f 62/47/246 61/28/246 64/21/246
f 64/11/275 23/6/275 63/9/275
f 63/9/276 23/6/276 64/11/276
f 23/6/275 64/11/275 24/5/275
f 24/5/276 64/11/276 23/6/276
f 27/8/27 66/23/27 65/6/27
f 65/6/48 66/23/48 27/8/48
f 66/23/27 27/8/27 28/22/27
f 28/22/48 27/8/48 66/23/48
f 69/50/29 68/49/29 67/48/28
f 67/48/278 68/49/277 69/50/277
f 68/49/29 69/50/29 70/51/28
f 70/51/278 69/50/277 68/49/277
f 73/54/31 72/53/31 71/52/30
f 71/52/55 72/53/56 73/54/56
f 72/53/31 73/54/31 74/55/30
f 74/55/55 73/54/56 72/53/56
f 73/57/33 76/48/33 75/56/32
f 75/56/280 76/48/279 73/57/279
f 76/48/33 73/57/33 71/58/32
f 71/58/280 73/57/279 76/48/279
f 79/61/34 78/60/34 77/59/34
f 77/59/281 78/60/281 79/61/281
f 78/60/34 79/61/34 80/62/34
f 80/62/281 79/61/281 78/60/281
f 83/65/36 82/64/36 81/63/35
f 81/63/283 82/64/282 83/65/282
f 82/64/36 83/65/36 84/66/35
f 84/66/283 83/65/282 82/64/282
f 85/56/37 81/68/37 82/67/38
f 82/67/285 81/68/284 85/56/284
f 81/68/37 85/56/37 86/48/38
f 86/48/285 85/56/284 81/68/284
f 87/69/39 72/58/39 74/57/40
f 74/57/287 72/58/286 87/69/286
f 72/58/39 87/69/39 88/70/40
f 88/70/287 87/69/286 72/58/286
f 91/54/42 90/70/42 89/69/41
f 89/69/289 90/70/288 91/54/288
f 90/70/42 91/54/42 92/52/41
f 92/52/289 91/54/288 90/70/288
f 93/59/43 70/72/43 69/71/44
f 69/71/290 70/72/65 93/59/65
f 70/72/43 93/59/43 94/60/44
f 94/60/290 93/59/65 70/72/65
f 77/58/291 94/51/291 93/50/291
f 93/50/292 94/51/292 77/58/292
f 94/51/291 77/58/291 78/73/291
f 78/73/292 77/58/292 94/51/292
f 67/71/294 75/74/294 76/52/293
f 76/52/296 75/74/295 67/71/295
f 75/74/294 67/71/294 68/72/293
f 68/72/296 67/71/295 75/74/295
f 87/55/249 90/71/249 88/53/249
f 88/53/3 90/71/3 87/55/3
f 90/71/249 87/55/249 89/75/249
f 89/75/3 87/55/3 90/71/3
f 97/76/45 96/61/45 95/59/45
f 95/59/297 96/61/297 97/76/297
f 96/61/45 97/76/45 98/77/45
f 98/77/297 97/76/297 96/61/297
f 99/78/46 96/71/46 98/75/46
f 98/75/268 96/71/268 99/78/268
f 96/71/46 99/78/46 100/79/46
f 100/79/268 99/78/268 96/71/268
f 99/77/47 101/80/47 100/61/47
f 100/61/298 101/80/298 99/77/298
f 101/80/47 99/77/47 102/81/47
f 102/81/298 99/77/298 101/80/298
f 103/76/48 101/79/48 102/78/48
f 102/78/27 101/79/27 103/76/27
f 101/79/48 103/76/48 104/59/48
f 104/59/27 103/76/27 101/79/27
f 103/81/49 105/82/49 104/80/49
f 104/80/299 105/82/299 103/81/299
f 105/82/49 103/81/49 106/83/49
f 106/83/299 103/81/299 105/82/299
f 105/59/50 108/72/50 107/71/50
f 107/71/300 108/72/300 105/59/300
f 108/72/50 105/59/50 106/60/50
f 106/60/300 105/59/300 108/72/300
f 107/82/52 110/64/52 109/63/51
f 109/63/302 110/64/301 107/82/301
f 110/64/52 107/82/52 108/84/51
f 108/84/302 107/82/301 110/64/301
f 109/71/54 112/74/54 111/52/53
f 111/52/303 112/74/60 109/71/60
f 112/74/54 109/71/54 110/72/53
f 110/72/303 109/71/60 112/74/60
f 111/63/56 114/85/56 113/80/55
f 113/80/30 114/85/31 111/63/31
f 114/85/56 111/63/56 112/64/55
f 112/64/30 111/63/31 114/85/31
f 113/52/57 116/86/57 115/70/57
f 115/70/304 116/86/304 113/52/304
f 116/86/57 113/52/57 114/74/57
f 114/74/304 113/52/304 116/86/304
f 119/83/59 118/65/59 117/82/58
f 117/82/306 118/65/305 119/83/305
f 118/65/59 119/83/59 120/87/58
f 120/87/306 119/83/305 118/65/305
f 118/50/23 84/88/23 83/68/307
f 83/68/308 84/88/245 118/50/245
f 84/88/23 118/50/23 120/51/307
f 120/51/308 118/50/245 84/88/245
f 123/91/43 122/90/43 121/89/43
f 121/89/65 122/90/65 123/91/65
f 122/90/43 123/91/43 124/92/43
f 124/92/65 123/91/65 122/90/65
f 125/95/60 121/94/60 122/93/60
f 122/93/54 121/94/54 125/95/54
f 121/94/60 125/95/60 126/96/60
f 126/96/54 125/95/54 121/94/54
f 124/93/61 128/98/61 127/97/61
f 127/97/309 128/98/309 124/93/309
f 128/98/61 124/93/61 123/94/61
f 123/94/309 124/93/309 128/98/309
f 129/99/62 127/92/62 128/91/62
f 128/91/310 127/92/310 129/99/310
f 127/92/62 129/99/62 130/100/62
f 130/100/310 129/99/310 127/92/310
f 133/103/63 132/102/63 131/101/63
f 131/101/311 132/102/311 133/103/311
f 132/102/63 133/103/63 134/104/63
f 134/104/311 133/103/311 132/102/311
f 132/107/64 136/106/64 135/105/64
f 135/105/312 136/106/312 132/107/312
f 136/106/64 132/107/64 134/108/64
f 134/108/312 132/107/312 136/106/312
f 136/104/65 137/109/65 135/102/65
f 135/102/43 137/109/43 136/104/43
f 137/109/65 136/104/65 138/110/65
f 138/110/43 136/104/43 137/109/43
f 137/105/66 140/112/66 139/111/66
f 139/111/313 140/112/313 137/105/313
f 140/112/66 137/105/66 138/106/66
f 138/106/313 137/105/313 140/112/313
f 143/115/67 142/114/67 141/113/67
f 141/113/68 142/114/68 143/115/68
f 142/114/67 145/117/67 144/116/67
f 144/116/68 145/117/68 142/114/68
f 145/117/67 142/114/67 146/118/67
f 146/118/68 142/114/68 145/117/68
f 146/118/67 142/114/67 143/115/67
f 143/115/68 142/114/68 146/118/68
f 146/118/67 143/115/67 147/119/67
f 147/119/68 143/115/68 146/118/68
f 149/121/67 143/115/67 148/120/67
f 148/120/68 143/115/68 149/121/68
f 143/115/67 149/121/67 147/119/67
f 147/119/68 149/121/68 143/115/68
f 147/119/67 149/121/67 150/122/67
f 150/122/68 149/121/68 147/119/68
f 150/122/67 149/121/67 151/123/67
f 151/123/68 149/121/68 150/122/68
f 154/126/67 153/125/67 152/124/67
f 152/124/68 153/125/68 154/126/68
f 153/125/67 156/128/67 155/127/67
f 155/127/68 156/128/68 153/125/68
f 156/128/67 153/125/67 157/129/67
f 157/129/68 153/125/68 156/128/68
f 157/129/67 153/125/67 158/130/67
f 158/130/68 153/125/68 157/129/68
f 158/130/67 153/125/67 159/131/67
f 159/131/68 153/125/68 158/130/68
f 159/131/67 153/125/67 154/126/67
f 154/126/68 153/125/68 159/131/68
f 159/131/67 154/126/67 160/132/67
f 160/132/68 154/126/68 159/131/68
f 159/131/67 160/132/67 161/133/67
f 161/133/68 160/132/68 159/131/68
f 159/131/67 161/133/67 162/134/67
f 162/134/68 161/133/68 159/131/68
f 159/131/67 162/134/67 163/135/67
f 163/135/68 162/134/68 159/131/68
f 163/135/67 162/134/67 164/136/67
f 164/136/68 162/134/68 163/135/68
f 163/135/67 164/136/67 165/137/67
f 165/137/68 164/136/68 163/135/68
f 165/137/67 164/136/67 166/138/67
f 166/138/68 164/136/68 165/137/68
f 168/140/67 154/126/67 167/139/67
f 167/139/68 154/126/68 168/140/68
f 154/126/67 168/140/67 160/132/67
f 160/132/68 168/140/68 154/126/68
f 160/132/67 168/140/67 169/141/67
f 169/141/68 168/140/68 160/132/68
f 169/141/68 168/140/68 170/142/68
f 170/142/67 168/140/67 169/141/67
f 172/144/67 168/140/67 171/143/67
f 171/143/68 168/140/68 172/144/68
f 168/140/67 172/144/67 170/142/67
f 170/142/68 172/144/68 168/140/68
f 170/142/67 172/144/67 173/145/67
f 173/145/68 172/144/68 170/142/68
f 173/145/68 172/144/68 174/146/68
f 174/146/67 172/144/67 173/145/67
f 176/148/67 172/144/67 175/147/67
f 175/147/68 172/144/68 176/148/68
f 172/144/67 176/148/67 174/146/67
f 174/146/68 176/148/68 172/144/68
f 174/146/67 176/148/67 177/149/67
f 177/149/68 176/148/68 174/146/68
f 177/149/67 176/148/67 178/150/67
f 178/150/68 176/148/68 177/149/68
f 180/152/67 176/148/67 179/151/67
f 179/151/68 176/148/68 180/152/68
f 176/148/67 180/152/67 178/150/67
f 178/150/68 180/152/68 176/148/68
f 178/150/67 180/152/67 181/153/67
f 181/153/68 180/152/68 178/150/68
f 181/153/67 180/152/67 182/154/67
f 182/154/68 180/152/68 181/153/68
f 184/156/67 180/152/67 183/155/67
f 183/155/68 180/152/68 184/156/68
f 180/152/67 184/156/67 182/154/67
f 182/154/68 184/156/68 180/152/68
f 182/154/67 184/156/67 185/157/67
f 185/157/68 184/156/68 182/154/68
f 185/157/68 184/156/68 186/158/68
f 186/158/67 184/156/67 185/157/67
f 156/128/67 188/160/67 187/159/67
f 187/159/68 188/160/68 156/128/68
f 188/160/67 156/128/67 157/129/67
f 157/129/68 156/128/68 188/160/68
f 191/163/67 190/162/67 189/161/67
f 189/161/68 190/162/68 191/163/68
f 190/162/67 191/163/67 192/164/67
f 192/164/68 191/163/68 190/162/68
f 192/164/67 191/163/67 193/165/67
f 193/165/68 191/163/68 192/164/68
f 193/165/67 191/163/67 194/166/67
f 194/166/68 191/163/68 193/165/68
f 194/166/67 191/163/67 195/167/67
f 195/167/68 191/163/68 194/166/68
f 194/166/67 195/167/67 196/168/67
f 196/168/68 195/167/68 194/166/68
f 194/166/67 196/168/67 149/121/67
f 149/121/68 196/168/68 194/166/68
f 149/121/67 196/168/67 151/123/67
f 151/123/68 196/168/68 149/121/68
f 151/123/67 196/168/67 197/169/67
f 197/169/68 196/168/68 151/123/68
f 197/169/68 196/168/68 187/159/68
f 187/159/67 196/168/67 197/169/67
f 197/169/68 187/159/68 188/160/68
f 188/160/67 187/159/67 197/169/67
f 199/171/67 184/156/67 198/170/69
f 198/170/314 184/156/68 199/171/68
f 184/156/67 199/171/67 186/158/67
f 186/158/68 199/171/68 184/156/68
f 186/158/67 199/171/67 200/172/67
f 200/172/68 199/171/68 186/158/68
f 200/172/67 199/171/67 201/173/67
f 201/173/68 199/171/68 200/172/68
f 201/173/67 199/171/67 202/174/67
f 202/174/68 199/171/68 201/173/68
f 203/175/67 200/172/67 201/173/67
f 201/173/68 200/172/68 203/175/68
f 204/176/67 186/158/67 200/172/67
f 200/172/68 186/158/68 204/176/68
f 207/115/67 206/114/67 205/113/67
f 205/113/68 206/114/68 207/115/68
f 206/114/67 209/117/67 208/116/67
f 208/116/68 209/117/68 206/114/68
f 209/117/67 206/114/67 210/118/67
f 210/118/68 206/114/68 209/117/68
f 210/118/67 206/114/67 207/115/67
f 207/115/68 206/114/68 210/118/68
f 210/118/67 207/115/67 211/119/67
f 211/119/68 207/115/68 210/118/68
f 213/121/67 207/115/67 212/120/67
f 212/120/68 207/115/68 213/121/68
f 207/115/67 213/121/67 211/119/67
f 211/119/68 213/121/68 207/115/68
f 211/119/67 213/121/67 214/122/67
f 214/122/68 213/121/68 211/119/68
f 214/122/67 213/121/67 215/123/67
f 215/123/68 213/121/68 214/122/68
f 218/126/67 217/125/67 216/124/67
f 216/124/68 217/125/68 218/126/68
f 217/125/67 220/128/67 219/127/67
f 219/127/68 220/128/68 217/125/68
f 220/128/67 217/125/67 221/129/67
f 221/129/68 217/125/68 220/128/68
f 221/129/67 217/125/67 222/130/67
f 222/130/68 217/125/68 221/129/68
f 222/130/67 217/125/67 223/131/67
f 223/131/68 217/125/68 222/130/68
f 223/131/67 217/125/67 218/126/67
f 218/126/68 217/125/68 223/131/68
f 223/131/67 218/126/67 224/132/67
f 224/132/68 218/126/68 223/131/68
f 223/131/67 224/132/67 225/133/67
f 225/133/68 224/132/68 223/131/68
f 223/131/67 225/133/67 226/134/67
f 226/134/68 225/133/68 223/131/68
f 223/131/67 226/134/67 227/135/67
f 227/135/68 226/134/68 223/131/68
f 227/135/67 226/134/67 228/136/67
f 228/136/68 226/134/68 227/135/68
f 227/135/67 228/136/67 229/137/67
f 229/137/68 228/136/68 227/135/68
f 229/137/67 228/136/67 230/138/67
f 230/138/68 228/136/68 229/137/68
f 232/140/67 218/126/67 231/139/67
f 231/139/68 218/126/68 232/140/68
f 218/126/67 232/140/67 224/132/67
f 224/132/68 232/140/68 218/126/68
f 224/132/67 232/140/67 233/141/67
f 233/141/68 232/140/68 224/132/68
f 233/141/68 232/140/68 234/142/68
f 234/142/67 232/140/67 233/141/67
f 236/144/67 232/140/67 235/143/67
f 235/143/68 232/140/68 236/144/68
f 232/140/67 236/144/67 234/142/67
f 234/142/68 236/144/68 232/140/68
f 234/142/67 236/144/67 237/145/67
f 237/145/68 236/144/68 234/142/68
f 237/145/68 236/144/68 238/146/68
f 238/146/67 236/144/67 237/145/67
f 240/148/67 236/144/67 239/147/67
f 239/147/68 236/144/68 240/148/68
f 236/144/67 240/148/67 238/146/67
f 238/146/68 240/148/68 236/144/68
f 238/146/67 240/148/67 241/149/67
f 241/149/68 240/148/68 238/146/68
f 241/149/67 240/148/67 242/150/67
f 242/150/68 240/148/68 241/149/68
f 244/152/67 240/148/67 243/151/67
f 243/151/68 240/148/68 244/152/68
f 240/148/67 244/152/67 242/150/67
f 242/150/68 244/152/68 240/148/68
f 242/150/67 244/152/67 245/153/67
f 245/153/68 244/152/68 242/150/68
f 245/153/67 244/152/67 246/154/67
f 246/154/68 244/152/68 245/153/68
f 248/156/67 244/152/67 247/155/67
f 247/155/68 244/152/68 248/156/68
f 244/152/67 248/156/67 246/154/67
f 246/154/68 248/156/68 244/152/68
f 246/154/67 248/156/67 249/157/67
f 249/157/68 248/156/68 246/154/68
f 249/157/68 248/156/68 250/158/68
f 250/158/67 248/156/67 249/157/67
f 220/128/67 252/160/67 251/159/67
f 251/159/68 252/160/68 220/128/68
f 252/160/67 220/128/67 221/129/67
f 221/129/68 220/128/68 252/160/68
f 255/163/67 254/162/67 253/161/67
f 253/161/68 254/162/68 255/163/68
f 254/162/67 255/163/67 256/164/67
f 256/164/68 255/163/68 254/162/68
f 256/164/67 255/163/67 257/165/67
f 257/165/68 255/163/68 256/164/68
f 257/165/67 255/163/67 258/166/67
f 258/166/68 255/163/68 257/165/68
f 258/166/67 255/163/67 259/167/67
f 259/167/68 255/163/68 258/166/68
f 258/166/67 259/167/67 260/168/67
f 260/168/68 259/167/68 258/166/68
f 258/166/67 260/168/67 213/121/67
f 213/121/68 260/168/68 258/166/68
f 213/121/67 260/168/67 215/123/67
f 215/123/68 260/168/68 213/121/68
f 215/123/67 260/168/67 261/169/67
f 261/169/68 260/168/68 215/123/68
f 261/169/68 260/168/68 251/159/68
f 251/159/67 260/168/67 261/169/67
f 261/169/68 251/159/68 252/160/68
f 252/160/67 251/159/67 261/169/67
f 263/171/67 248/156/67 262/170/69
f 262/170/314 248/156/68 263/171/68
f 248/156/67 263/171/67 250/158/67
f 250/158/68 263/171/68 248/156/68
f 250/158/67 263/171/67 264/172/67
f 264/172/68 263/171/68 250/158/68
f 264/172/67 263/171/67 265/173/67
f 265/173/68 263/171/68 264/172/68
f 265/173/67 263/171/67 266/174/67
f 266/174/68 263/171/68 265/173/68
f 267/175/67 264/172/67 265/173/67
f 265/173/68 264/172/68 267/175/68
f 268/176/67 250/158/67 264/172/67
f 264/172/68 250/158/68 268/176/68
g blade_damaged
f 271/3/1 270/2/1 269/1/1
f 269/1/247 270/2/247 271/3/247
f 270/2/1 271/3/1 272/4/1
f 272/4/247 271/3/247 270/2/247
f 273/7/2 269/6/2 270/5/2
f 270/5/248 269/6/248 273/7/248
f 269/6/2 273/7/2 274/8/2
f 274/8/248 273/7/248 269/6/248
f 277/9/3 276/4/3 275/3/3
f 275/3/249 276/4/249 277/9/249
f 276/4/3 277/9/3 278/10/3
f 278/10/249 277/9/249 276/4/249
f 272/5/250 275/9/250 276/11/250
f 276/11/251 275/9/251 272/5/251
f 275/9/250 272/5/250 271/6/250
f 271/6/251 272/5/251 275/9/251
f 274/1/4 280/13/4 279/12/4
f 279/12/252 280/13/252 274/1/252
f 280/13/4 274/1/4 273/2/4
f 273/2/252 274/1/252 280/13/252
f 281/14/5 279/8/5 280/7/5
f 280/7/253 279/8/253 281/14/253
f 279/8/5 281/14/5 282/15/5
f 282/15/253 281/14/253 279/8/253
f 282/12/7 284/17/7 283/16/6
f 283/16/238 284/17/254 282/12/254
f 284/17/7 282/12/7 281/13/6
f 281/13/238 282/12/254 284/17/254
f 287/5/8 286/8/8 285/6/8
f 285/6/255 286/8/255 287/5/255
f 286/8/8 287/5/8 288/7/8
f 288/7/255 287/5/255 286/8/255
f 289/18/9 283/15/9 284/14/9
f 284/14/256 283/15/256 289/18/256
f 283/15/9 289/18/9 290/19/9
f 290/19/256 289/18/256 283/15/256
f 291/19/10 287/20/10 285/15/10
f 285/15/239 287/20/239 291/19/239
f 287/20/10 291/19/10 292/21/10
f 292/21/239 291/19/239 287/20/239
f 286/15/11 294/22/11 293/8/11
f 293/8/257 294/22/257 286/15/257
f 294/22/11 286/15/11 288/20/11
f 288/20/257 286/15/257 294/22/257
f 294/7/12 295/15/12 293/8/12
f 293/8/258 295/15/258 294/7/258
f 295/15/12 294/7/12 296/14/12
f 296/14/258 294/7/258 295/15/258
f 299/6/13 298/10/13 297/9/13
f 297/9/259 298/10/259 299/6/259
f 298/10/13 299/6/13 300/23/13
f 300/23/259 299/6/259 298/10/259
f 278/11/245 297/3/245 298/24/245
f 298/24/23 297/3/23 278/11/23
f 297/3/245 278/11/245 277/9/245
f 277/9/23 278/11/23 297/3/23
f 290/16/14 302/26/14 301/25/14
f 301/25/240 302/26/240 290/16/240
f 302/26/14 290/16/14 289/17/14
f 289/17/240 290/16/240 302/26/240
f 303/27/15 301/19/15 302/18/15
f 302/18/260 301/19/260 303/27/260
f 301/19/15 303/27/15 304/28/15
f 304/28/260 303/27/260 301/19/260
f 307/31/16 306/30/16 305/29/16
f 305/29/241 306/30/241 307/31/241
f 306/30/16 307/31/16 308/32/16
f 308/32/241 307/31/241 306/30/241
f 306/33/17 309/12/17 305/16/17
f 305/16/242 309/12/242 306/33/242
f 309/12/17 306/33/17 310/34/17
f 310/34/242 306/33/242 309/12/242
f 312/36/18 307/16/18 311/35/18
f 311/35/261 307/16/261 312/36/261
f 307/16/18 312/36/18 308/33/18
f 308/33/261 312/36/261 307/16/261
f 315/34/20 314/1/20 313/12/19
f 313/12/263 314/1/262 315/34/262
f 314/1/20 315/34/20 316/37/19
f 316/37/263 315/34/262 314/1/262
f 309/29/265 315/39/265 313/38/264
f 313/38/243 315/39/266 309/29/266
f 315/39/265 309/29/265 310/30/264
f 310/30/243 309/29/266 315/39/266
f 319/40/21 318/28/21 317/27/21
f 317/27/267 318/28/267 319/40/267
f 318/28/21 319/40/21 320/41/21
f 320/41/267 319/40/267 318/28/267
f 320/43/22 322/42/22 321/35/22
f 321/35/244 322/42/244 320/43/244
f 322/42/22 320/43/22 319/44/22
f 319/44/244 320/43/244 322/42/244
f 312/45/46 321/41/46 322/40/46
f 322/40/268 321/41/268 312/45/268
f 321/41/46 312/45/46 311/31/46
f 311/31/268 312/45/268 321/41/268
f 304/25/270 317/44/270 318/43/269
f 318/43/272 317/44/271 304/25/271
f 317/44/270 304/25/270 303/26/269
f 303/26/272 304/25/271 317/44/271
f 314/38/23 324/46/23 323/41/23
f 323/41/245 324/46/245 314/38/245
f 324/46/23 314/38/23 316/39/23
f 316/39/245 314/38/245 324/46/245
f 324/37/24 325/3/24 323/1/24
f 323/1/273 325/3/273 324/37/273
f 325/3/24 324/37/24 326/24/24
f 326/24/273 324/37/273 325/3/273
f 325/41/23 328/47/23 327/28/23
f 327/28/245 328/47/245 325/41/245
f 328/47/23 325/41/23 326/46/23
f 326/46/245 325/41/245 328/47/245
f 328/24/25 329/9/25 327/3/25
f 327/3/274 329/9/274 328/24/274
f 329/9/25 328/24/25 330/11/25
f 330/11/274 328/24/274 329/9/274
f 329/28/26 332/21/26 331/19/26
f 331/19/246 332/21/246 329/28/246
f 332/21/26 329/28/26 330/47/26
f 330/47/246 329/28/246 332/21/246
f 332/11/275 291/6/275 331/9/275
f 331/9/276 291/6/276 332/11/276
f 291/6/275 332/11/275 292/5/275
f 292/5/276 332/11/276 291/6/276
f 295/8/27 334/23/27 333/6/27
f 333/6/48 334/23/48 295/8/48
f 334/23/27 295/8/27 296/22/27
f 296/22/48 295/8/48 334/23/48
f 337/50/29 336/49/29 335/48/28
f 335/48/278 336/49/277 337/50/277
f 336/49/29 337/50/29 338/51/28
f 338/51/278 337/50/277 336/49/277
f 341/54/31 340/53/31 339/52/30
f 339/52/55 340/53/56 341/54/56
f 340/53/31 341/54/31 342/55/30
f 342/55/55 341/54/56 340/53/56
f 341/57/33 344/48/33 343/56/32
f 343/56/280 344/48/279 341/57/279
f 344/48/33 341/57/33 339/58/32
f 339/58/280 341/57/279 344/48/279
f 347/61/34 346/60/34 345/59/34
f 345/59/281 346/60/281 347/61/281
f 346/60/34 347/61/34 348/62/34
f 348/62/281 347/61/281 346/60/281
f 351/65/36 350/64/36 349/63/35
f 349/63/283 350/64/282 351/65/282
f 350/64/36 351/65/36 352/66/35
f 352/66/283 351/65/282 350/64/282
f 353/56/37 349/68/37 350/67/38
f 350/67/285 349/68/284 353/56/284
f 349/68/37 353/56/37 354/48/38
f 354/48/285 353/56/284 349/68/284
f 355/69/39 340/58/39 342/57/40
f 342/57/287 340/58/286 355/69/286
f 340/58/39 355/69/39 356/70/40
f 356/70/287 355/69/286 340/58/286
f 359/54/42 358/70/42 357/69/41
f 357/69/289 358/70/288 359/54/288
f 358/70/42 359/54/42 360/52/41
f 360/52/289 359/54/288 358/70/288
f 361/59/43 338/72/43 337/71/44
f 337/71/290 338/72/65 361/59/65
f 338/72/43 361/59/43 362/60/44
f 362/60/290 361/59/65 338/72/65
f 345/58/291 362/51/291 361/50/291
f 361/50/292 362/51/292 345/58/292
f 362/51/291 345/58/291 346/73/291
f 346/73/292 345/58/292 362/51/292
f 335/71/294 343/74/294 344/52/293
f 344/52/296 343/74/295 335/71/295
f 343/74/294 335/71/294 336/72/293
f 336/72/296 335/71/295 343/74/295
f 355/55/249 358/71/249 356/53/249
f 356/53/3 358/71/3 355/55/3
f 358/71/249 355/55/249 357/75/249
f 357/75/3 355/55/3 358/71/3
f 365/76/45 364/61/45 363/59/45
f 363/59/297 364/61/297 365/76/297
f 364/61/45 365/76/45 366/77/45
f 366/77/297 365/76/297 364/61/297
f 367/78/46 364/71/46 366/75/46
f 366/75/268 364/71/268 367/78/268
f 364/71/46 367/78/46 368/79/46
f 368/79/268 367/78/268 364/71/268
f 367/77/47 369/80/47 368/61/47
f 368/61/298 369/80/298 367/77/298
f 369/80/47 367/77/47 370/81/47
f 370/81/298 367/77/298 369/80/298
f 371/76/48 369/79/48 370/78/48
f 370/78/27 369/79/27 371/76/27
f 369/79/48 371/76/48 372/59/48
f 372/59/27 371/76/27 369/79/27
f 371/81/49 373/82/49 372/80/49
f 372/80/299 373/82/299 371/81/299
f 373/82/49 371/81/49 374/83/49
f 374/83/299 371/81/299 373/82/299
f 373/59/50 376/72/50 375/71/50
f 375/71/300 376/72/300 373/59/300
f 376/72/50 373/59/50 374/60/50
f 374/60/300 373/59/300 376/72/300
f 375/82/52 378/64/52 377/63/51
f 377/63/302 378/64/301 375/82/301
f 378/64/52 375/82/52 376/84/51
f 376/84/302 375/82/301 378/64/301
f 377/71/54 380/74/54 379/52/53
f 379/52/303 380/74/60 377/71/60
f 380/74/54 377/71/54 378/72/53
f 378/72/303 377/71/60 380/74/60
f 379/63/56 382/85/56 381/80/55
f 381/80/30 382/85/31 379/63/31
f 382/85/56 379/63/56 380/64/55
f 380/64/30 379/63/31 382/85/31
f 381/52/57 384/86/57 383/70/57
f 383/70/304 384/86/304 381/52/304
f 384/86/57 381/52/57 382/74/57
f 382/74/304 381/52/304 384/86/304
f 387/83/59 386/65/59 385/82/58
f 385/82/306 386/65/305 387/83/305
f 386/65/59 387/83/59 388/87/58
f 388/87/306 387/83/305 386/65/305
f 386/50/23 352/88/23 351/68/307
f 351/68/308 352/88/245 386/50/245
f 352/88/23 386/50/23 388/51/307
f 388/51/308 386/50/245 352/88/245
f 391/91/43 390/90/43 389/89/43
f 389/89/65 390/90/65 391/91/65
f 390/90/43 391/91/43 392/92/43
f 392/92/65 391/91/65 390/90/65
f 393/95/60 389/94/60 390/93/60
f 390/93/54 389/94/54 393/95/54
f 389/94/60 393/95/60 394/96/60
f 394/96/54 393/95/54 389/94/54
f 392/93/61 396/98/61 395/97/61
f 395/97/309 396/98/309 392/93/309
f 396/98/61 392/93/61 391/94/61
f 391/94/309 392/93/309 396/98/309
f 397/99/62 395/92/62 396/91/62
f 396/91/310 395/92/310 397/99/310
f 395/92/62 397/99/62 398/100/62
f 398/100/310 397/99/310 395/92/310
f 401/103/63 400/102/63 399/101/63
f 399/101/311 400/102/311 401/103/311
f 400/102/63 401/103/63 402/104/63
f 402/104/311 401/103/311 400/102/311
f 400/107/64 404/106/64 403/105/64
f 403/105/312 404/106/312 400/107/312
f 404/106/64 400/107/64 402/108/64
f 402/108/312 400/107/312 404/106/312
f 404/104/65 405/109/65 403/102/65
f 403/102/43 405/109/43 404/104/43
f 405/109/65 404/104/65 406/110/65
f 406/110/43 404/104/43 405/109/43
f 405/105/66 408/112/66 407/111/66
f 407/111/313 408/112/313 405/105/313
f 408/112/66 405/105/66 406/106/66
f 406/106/313 405/105/313 408/112/313
f 411/115/67 410/114/67 409/113/67
f 409/113/68 410/114/68 411/115/68
f 410/114/67 413/117/67 412/116/67
f 412/116/68 413/117/68 410/114/68
f 413/117/67 410/114/67 414/118/67
f 414/118/68 410/114/68 413/117/68
f 414/118/67 410/114/67 411/115/67
f 411/115/68 410/114/68 414/118/68
f 414/118/67 411/115/67 415/119/67
f 415/119/68 411/115/68 414/118/68
f 417/121/67 411/115/67 416/120/67
f 416/120/68 411/115/68 417/121/68
f 411/115/67 417/121/67 415/119/67
f 415/119/68 417/121/68 411/115/68
f 415/119/67 417/121/67 418/122/67
f 418/122/68 417/121/68 415/119/68
f 418/122/67 417/121/67 419/123/67
f 419/123/68 417/121/68 418/122/68
f 422/126/67 421/125/67 420/124/67
f 420/124/68 421/125/68 422/126/68
f 421/125/67 424/128/67 423/127/67
f 423/127/68 424/128/68 421/125/68
f 424/128/67 421/125/67 425/129/67
f 425/129/68 421/125/68 424/128/68
f 425/129/67 421/125/67 426/130/67
f 426/130/68 421/125/68 425/129/68
f 426/130/67 421/125/67 427/131/67
f 427/131/68 421/125/68 426/130/68
f 427/131/67 421/125/67 422/126/67
f 422/126/68 421/125/68 427/131/68
f 427/131/67 422/126/67 428/132/67
f 428/132/68 422/126/68 427/131/68
f 427/131/67 428/132/67 429/133/67
f 429/133/68 428/132/68 427/131/68
f 427/131/67 429/133/67 430/134/67
f 430/134/68 429/133/68 427/131/68
f 427/131/67 430/134/67 431/135/67
f 431/135/68 430/134/68 427/131/68
f 431/135/67 430/134/67 432/136/67
f 432/136/68 430/134/68 431/135/68
f 431/135/67 432/136/67 433/137/67
f 433/137/68 432/136/68 431/135/68
f 433/137/67 432/136/67 434/138/67
f 434/138/68 432/136/68 433/137/68
f 436/140/67 422/126/67 435/139/67
f 435/139/68 422/126/68 436/140/68
f 422/126/67 436/140/67 428/132/67
f 428/132/68 436/140/68 422/126/68
f 428/132/67 436/140/67 437/141/67
f 437/141/68 436/140/68 428/132/68
f 437/141/68 436/140/68 438/142/68
f 438/142/67 436/140/67 437/141/67
f 440/144/67 436/140/67 439/143/67
f 439/143/68 436/140/68 440/144/68
f 436/140/67 440/144/67 438/142/67
f 438/142/68 440/144/68 436/140/68
f 438/142/67 440/144/67 441/145/67
f 441/145/68 440/144/68 438/142/68
f 441/145/68 440/144/68 442/146/68
f 442/146/67 440/144/67 441/145/67
f 444/148/67 440/144/67 443/147/67
f 443/147/68 440/144/68 444/148/68
f 440/144/67 444/148/67 442/146/67
f 442/146/68 444/148/68 440/144/68
f 442/146/67 444/148/67 445/149/67
f 445/149/68 444/148/68 442/146/68
f 445/149/67 444/148/67 446/150/67
f 446/150/68 444/148/68 445/149/68
f 448/152/67 444/148/67 447/151/67
f 447/151/68 444/148/68 448/152/68
f 444/148/67 448/152/67 446/150/67
f 446/150/68 448/152/68 444/148/68
f 446/150/67 448/152/67 449/153/67
f 449/153/68 448/152/68 446/150/68
f 449/153/67 448/152/67 450/154/67
f 450/154/68 448/152/68 449/153/68
f 452/156/67 448/152/67 451/155/67
f 451/155/68 448/152/68 452/156/68
f 448/152/67 452/156/67 450/154/67
f 450/154/68 452/156/68 448/152/68
f 450/154/67 452/156/67 453/157/67
f 453/157/68 452/156/68 450/154/68
f 453/157/68 452/156/68 454/158/68
f 454/158/67 452/156/67 453/157/67
f 424/128/67 456/160/67 455/159/67
f 455/159/68 456/160/68 424/128/68
f 456/160/67 424/128/67 425/129/67
f 425/129/68 424/128/68 456/160/68
f 459/163/67 458/162/67 457/161/67
f 457/161/68 458/162/68 459/163/68
f 458/162/67 459/163/67 460/164/67
f 460/164/68 459/163/68 458/162/68
f 460/164/67 459/163/67 461/165/67
f 461/165/68 459/163/68 460/164/68
f 461/165/67 459/163/67 462/166/67
f 462/166/68 459/163/68 461/165/68
f 462/166/67 459/163/67 463/167/67
f 463/167/68 459/163/68 462/166/68
f 462/166/67 463/167/67 464/168/67
f 464/168/68 463/167/68 462/166/68
f 462/166/67 464/168/67 417/121/67
f 417/121/68 464/168/68 462/166/68
f 417/121/67 464/168/67 419/123/67
f 419/123/68 464/168/68 417/121/68
f 419/123/67 464/168/67 465/169/67
f 465/169/68 464/168/68 419/123/68
f 465/169/68 464/168/68 455/159/68
f 455/159/67 464/168/67 465/169/67
f 465/169/68 455/159/68 456/160/68
f 456/160/67 455/159/67 465/169/67
f 467/171/67 452/156/67 466/170/69
f 466/170/314 452/156/68 467/171/68
f 452/156/67 467/171/67 454/158/67
f 454/158/68 467/171/68 452/156/68
f 454/158/67 467/171/67 468/172/67
f 468/172/68 467/171/68 454/158/68
f 468/172/67 467/171/67 469/173/67
f 469/173/68 467/171/68 468/172/68
f 469/173/67 467/171/67 470/174/67
f 470/174/68 467/171/68 469/173/68
f 471/175/67 468/172/67 469/173/67
f 469/173/68 468/172/68 471/175/68
f 472/176/67 454/158/67 468/172/67
f 468/172/68 454/158/68 472/176/68
f 475/115/67 474/114/67 473/113/67
f 473/113/68 474/114/68 475/115/68
f 474/114/67 477/117/67 476/116/67
f 476/116/68 477/117/68 474/114/68
f 477/117/67 474/114/67 478/118/67
f 478/118/68 474/114/68 477/117/68
f 478/118/67 474/114/67 475/115/67
f 475/115/68 474/114/68 478/118/68
f 478/118/67 475/115/67 479/119/67
f 479/119/68 475/115/68 478/118/68
f 481/121/67 475/115/67 480/120/67
f 480/120/68 475/115/68 481/121/68
f 475/115/67 481/121/67 479/119/67
f 479/119/68 481/121/68 475/115/68
f 479/119/67 481/121/67 482/122/67
f 482/122/68 481/121/68 479/119/68
f 482/122/67 481/121/67 483/123/67
f 483/123/68 481/121/68 482/122/68
f 486/126/67 485/125/67 484/124/67
f 484/124/68 485/125/68 486/126/68
f 485/125/67 488/128/67 487/127/67
f 487/127/68 488/128/68 485/125/68
f 488/128/67 485/125/67 489/129/67
f 489/129/68 485/125/68 488/128/68
f 489/129/67 485/125/67 490/130/67
f 490/130/68 485/125/68 489/129/68
f 490/130/67 485/125/67 491/131/67
f 491/131/68 485/125/68 490/130/68
f 491/131/67 485/125/67 486/126/67
f 486/126/68 485/125/68 491/131/68
f 491/131/67 486/126/67 492/132/67
f 492/132/68 486/126/68 491/131/68
f 491/131/67 492/132/67 493/133/67
f 493/133/68 492/132/68 491/131/68
f 491/131/67 493/133/67 494/134/67
f 494/134/68 493/133/68 491/131/68
f 491/131/67 494/134/67 495/135/67
f 495/135/68 494/134/68 491/131/68
f 495/135/67 494/134/67 496/136/67
f 496/136/68 494/134/68 495/135/68
f 495/135/67 496/136/67 497/137/67
f 497/137/68 496/136/68 495/135/68
f 497/137/67 496/136/67 498/138/67
f 498/138/68 496/136/68 497/137/68
f 500/140/67 486/126/67 499/139/67
f 499/139/68 486/126/68 500/140/68
f 486/126/67 500/140/67 492/132/67
f 492/132/68 500/140/68 486/126/68
f 492/132/67 500/140/67 501/141/67
f 501/141/68 500/140/68 492/132/68
f 501/141/68 500/140/68 502/142/68
f 502/142/67 500/140/67 501/141/67
f 504/144/67 500/140/67 503/143/67
f 503/143/68 500/140/68 504/144/68
f 500/140/67 504/144/67 502/142/67
f 502/142/68 504/144/68 500/140/68
f 502/142/67 504/144/67 505/145/67
f 505/145/68 504/144/68 502/142/68
f 505/145/68 504/144/68 506/146/68
f 506/146/67 504/144/67 505/145/67
f 508/148/67 504/144/67 507/147/67
f 507/147/68 504/144/68 508/148/68
f 504/144/67 508/148/67 506/146/67
f 506/146/68 508/148/68 504/144/68
f 506/146/67 508/148/67 509/149/67
f 509/149/68 508/148/68 506/146/68
f 509/149/67 508/148/67 510/150/67
f 510/150/68 508/148/68 509/149/68
f 512/152/67 508/148/67 511/151/67
f 511/151/68 508/148/68 512/152/68
f 508/148/67 512/152/67 510/150/67
f 510/150/68 512/152/68 508/148/68
f 510/150/67 512/152/67 513/153/67
f 513/153/68 512/152/68 510/150/68
f 513/153/67 512/152/67 514/154/67
f 514/154/68 512/152/68 513/153/68
f 516/156/67 512/152/67 515/155/67
f 515/155/68 512/152/68 516/156/68
f 512/152/67 516/156/67 514/154/67
f 514/154/68 516/156/68 512/152/68
f 514/154/67 516/156/67 517/157/67
f 517/157/68 516/156/68 514/154/68
f 517/157/68 516/156/68 518/158/68
f 518/158/67 516/156/67 517/157/67
f 488/128/67 520/160/67 519/159/67
f 519/159/68 520/160/68 488/128/68
f 520/160/67 488/128/67 489/129/67
f 489/129/68 488/128/68 520/160/68
f 523/163/67 522/162/67 521/161/67
f 521/161/68 522/162/68 523/163/68
f 522/162/67 523/163/67 524/164/67
f 524/164/68 523/163/68 522/162/68
f 524/164/67 523/163/67 525/165/67
f 525/165/68 523/163/68 524/164/68
f 525/165/67 523/163/67 526/166/67
f 526/166/68 523/163/68 525/165/68
f 526/166/67 523/163/67 527/167/67
f 527/167/68 523/163/68 526/166/68
f 526/166/67 527/167/67 528/168/67
f 528/168/68 527/167/68 526/166/68
f 526/166/67 528/168/67 481/121/67
f 481/121/68 528/168/68 526/166/68
f 481/121/67 528/168/67 483/123/67
f 483/123/68 528/168/68 481/121/68
f 483/123/67 528/168/67 529/169/67
f 529/169/68 528/168/68 483/123/68
f 529/169/68 528/168/68 519/159/68
f 519/159/67 528/168/67 529/169/67
f 529/169/68 519/159/68 520/160/68
f 520/160/67 519/159/67 529/169/67
f 531/171/67 516/156/67 530/170/69
f 530/170/314 516/156/68 531/171/68
f 516/156/67 531/171/67 518/158/67
f 518/158/68 531/171/68 516/156/68
f 518/158/67 531/171/67 532/172/67
f 532/172/68 531/171/68 518/158/68
f 532/172/67 531/171/67 533/173/67
f 533/173/68 531/171/68 532/172/68
f 533/173/67 531/171/67 534/174/67
f 534/174/68 531/171/68 533/173/68
f 535/175/67 532/172/67 533/173/67
f 533/173/68 532/172/68 535/175/68
f 536/176/67 518/158/67 532/172/67
f 532/172/68 518/158/68 536/176/68
g item_blade
f 538/179/71 537/178/70 541/177/74
f 542/180/75 538/179/71 541/177/74
f 540/181/73 538/179/71 542/180/75
f 544/182/77 540/181/73 542/180/75
f 539/183/72 540/181/73 544/182/77
f 543/184/76 539/183/72 544/182/77
f 537/178/70 539/183/72 543/184/76
f 541/177/74 537/178/70 543/184/76
f 543/187/76 544/186/77 542/185/75
f 541/188/74 543/187/76 542/185/75
f 549/191/82 545/190/78 546/189/79
f 550/192/83 549/191/82 546/189/79
f 550/192/83 546/189/79 548/193/81
f 552/194/85 550/192/83 548/193/81
f 552/194/85 548/193/81 547/195/80
f 551/196/84 552/194/85 547/195/80
f 551/196/84 547/195/80 545/190/78
f 549/191/82 551/196/84 545/190/78
f 550/199/83 552/198/85 551/197/84
f 549/200/82 550/199/83 551/197/84
f 555/3/86 554/2/86 553/1/86
f 553/1/315 554/2/315 555/3/315
f 554/2/86 555/3/86 556/4/86
f 556/4/315 555/3/315 554/2/315
f 557/7/87 553/6/87 554/5/88
f 554/5/165 553/6/164 557/7/164
f 553/6/87 557/7/87 558/8/88
f 558/8/165 557/7/164 553/6/164
f 561/9/89 560/4/89 559/3/89
f 559/3/316 560/4/316 561/9/316
f 560/4/89 561/9/89 562/10/89
f 562/10/316 561/9/316 560/4/316
f 556/5/318 559/9/318 560/11/317
f 560/11/320 559/9/319 556/5/319
f 559/9/318 556/5/318 555/6/317
f 555/6/320 556/5/319 559/9/319
f 558/1/90 564/13/90 563/12/90
f 563/12/321 564/13/321 558/1/321
f 564/13/90 558/1/90 557/2/90
f 557/2/321 558/1/321 564/13/321
f 565/14/91 563/8/91 564/7/92
f 564/7/323 563/8/322 565/14/322
f 563/8/91 565/14/91 566/15/92
f 566/15/323 565/14/322 563/8/322
f 566/12/94 568/17/94 567/16/93
f 567/16/325 568/17/324 566/12/324
f 568/17/94 566/12/94 565/13/93
f 565/13/325 566/12/324 568/17/324
f 571/5/96 570/8/96 569/6/95
f 569/6/327 570/8/326 571/5/326
f 570/8/96 571/5/96 572/7/95
f 572/7/327 571/5/326 570/8/326
f 573/18/97 567/15/97 568/14/98
f 568/14/329 567/15/328 573/18/328
f 567/15/97 573/18/97 574/19/98
f 574/19/329 573/18/328 567/15/328
f 575/19/99 571/20/99 569/15/99
f 569/15/330 571/20/330 575/19/330
f 571/20/99 575/19/99 576/21/99
f 576/21/330 575/19/330 571/20/330
f 570/15/100 578/22/100 577/8/100
f 577/8/331 578/22/331 570/15/331
f 578/22/100 570/15/100 572/20/100
f 572/20/331 570/15/331 578/22/331
f 578/7/101 579/15/101 577/8/101
f 577/8/332 579/15/332 578/7/332
f 579/15/101 578/7/101 580/14/101
f 580/14/332 578/7/332 579/15/332
f 583/6/102 582/10/102 581/9/102
f 581/9/333 582/10/333 583/6/333
f 582/10/102 583/6/102 584/23/102
f 584/23/333 583/6/333 582/10/333
f 562/11/334 581/3/334 582/24/334
f 582/24/335 581/3/335 562/11/335
f 581/3/334 562/11/334 561/9/334
f 561/9/335 562/11/335 581/3/335
f 574/16/103 586/26/103 585/25/103
f 585/25/180 586/26/180 574/16/180
f 586/26/103 574/16/103 573/17/103
f 573/17/180 574/16/180 586/26/180
f 587/27/104 585/19/104 586/18/104
f 586/18/336 585/19/336 587/27/336
f 585/19/104 587/27/104 588/28/104
f 588/28/336 587/27/336 585/19/336
f 591/31/106 590/30/106 589/29/105
f 589/29/182 590/30/183 591/31/183
f 590/30/106 591/31/106 592/32/105
f 592/32/182 591/31/183 590/30/183
f 590/33/107 593/12/107 589/16/107
f 589/16/184 593/12/184 590/33/184
f 593/12/107 590/33/107 594/34/107
f 594/34/184 590/33/184 593/12/184
f 596/36/109 591/16/109 595/35/108
f 595/35/185 591/16/186 596/36/186
f 591/16/109 596/36/109 592/33/108
f 592/33/185 596/36/186 591/16/186
f 599/34/111 598/1/111 597/12/110
f 597/12/338 598/1/337 599/34/337
f 598/1/111 599/34/111 600/37/110
f 600/37/338 599/34/337 598/1/337
f 593/29/189 599/39/189 597/38/189
f 597/38/112 599/39/112 593/29/112
f 599/39/189 593/29/189 594/30/189
f 594/30/112 593/29/112 599/39/112
f 603/40/112 602/28/112 601/27/112
f 601/27/189 602/28/189 603/40/189
f 602/28/112 603/40/112 604/41/112
f 604/41/189 603/40/189 602/28/189
f 604/43/113 606/42/113 605/35/113
f 605/35/190 606/42/190 604/43/190
f 606/42/113 604/43/113 603/44/113
f 603/44/190 604/43/190 606/42/190
f 596/45/339 605/41/339 606/40/339
f 606/40/340 605/41/340 596/45/340
f 605/41/339 596/45/339 595/31/339
f 595/31/340 596/45/340 605/41/340
f 588/25/342 601/44/342 602/43/341
f 602/43/344 601/44/343 588/25/343
f 601/44/342 588/25/342 587/26/341
f 587/26/344 588/25/343 601/44/343
f 598/38/114 608/46/114 607/41/114
f 607/41/345 608/46/345 598/38/345
f 608/46/114 598/38/114 600/39/114
f 600/39/345 598/38/345 608/46/345
f 608/37/115 609/3/115 607/1/116
f 607/1/347 609/3/346 608/37/346
f 609/3/115 608/37/115 610/24/116
f 610/24/347 608/37/346 609/3/346
f 609/41/118 612/47/118 611/28/117
f 611/28/349 612/47/348 609/41/348
f 612/47/118 609/41/118 610/46/117
f 610/46/349 609/41/348 612/47/348
f 612/24/119 613/9/119 611/3/119
f 611/3/350 613/9/350 612/24/350
f 613/9/119 612/24/119 614/11/119
f 614/11/350 612/24/350 613/9/350
f 613/28/120 616/21/120 615/19/120
f 615/19/351 616/21/351 613/28/351
f 616/21/120 613/28/120 614/47/120
f 614/47/351 613/28/351 616/21/351
f 616/11/352 575/6/352 615/9/352
f 615/9/353 575/6/353 616/11/353
f 575/6/352 616/11/352 576/5/352
f 576/5/353 616/11/353 575/6/353
f 579/8/121 618/23/121 617/6/121
f 617/6/354 618/23/354 579/8/354
f 618/23/121 579/8/121 580/22/121
f 580/22/354 579/8/354 618/23/354
f 621/50/123 620/49/123 619/48/122
f 619/48/356 620/49/355 621/50/355
f 620/49/123 621/50/123 622/51/122
f 622/51/356 621/50/355 620/49/355
f 625/54/124 624/53/124 623/52/124
f 623/52/357 624/53/357 625/54/357
f 624/53/124 625/54/124 626/55/124
f 626/55/357 625/54/357 624/53/357
f 625/57/125 628/48/125 627/56/125
f 627/56/358 628/48/358 625/57/358
f 628/48/125 625/57/125 623/58/125
f 623/58/358 625/57/358 628/48/358
f 631/61/126 630/60/126 629/59/126
f 629/59/204 630/60/204 631/61/204
f 630/60/126 631/61/126 632/62/126
f 632/62/204 631/61/204 630/60/204
f 635/65/128 634/64/128 633/63/127
f 633/63/205 634/64/206 635/65/206
f 634/64/128 635/65/128 636/66/127
f 636/66/205 635/65/206 634/64/206
f 637/56/129 633/68/129 634/67/129
f 634/67/207 633/68/207 637/56/207
f 633/68/129 637/56/129 638/48/129
f 638/48/207 637/56/207 633/68/207
f 639/69/130 624/58/130 626/57/131
f 626/57/360 624/58/359 639/69/359
f 624/58/130 639/69/130 640/70/131
f 640/70/360 639/69/359 624/58/359
f 643/54/132 642/70/132 641/69/132
f 641/69/361 642/70/361 643/54/361
f 642/70/132 643/54/132 644/52/132
f 644/52/361 643/54/361 642/70/361
f 645/59/133 622/72/133 621/71/133
f 621/71/210 622/72/210 645/59/210
f 622/72/133 645/59/133 646/60/133
f 646/60/210 645/59/210 622/72/210
f 629/58/362 646/51/362 645/50/362
f 645/50/363 646/51/363 629/58/363
f 646/51/362 629/58/362 630/73/362
f 630/73/363 629/58/363 646/51/363
f 619/71/364 627/74/364 628/52/364
f 628/52/365 627/74/365 619/71/365
f 627/74/364 619/71/364 620/72/364
f 620/72/365 619/71/365 627/74/365
f 639/55/366 642/71/366 640/53/366
f 640/53/367 642/71/367 639/55/367
f 642/71/366 639/55/366 641/75/366
f 641/75/367 639/55/367 642/71/367
f 649/76/135 648/61/135 647/59/134
f 647/59/369 648/61/368 649/76/368
f 648/61/135 649/76/135 650/77/134
f 650/77/369 649/76/368 648/61/368
f 651/78/136 648/71/136 650/75/137
f 650/75/214 648/71/213 651/78/213
f 648/71/136 651/78/136 652/79/137
f 652/79/214 651/78/213 648/71/213
f 651/77/138 653/80/138 652/61/139
f 652/61/371 653/80/370 651/77/370
f 653/80/138 651/77/138 654/81/139
f 654/81/371 651/77/370 653/80/370
f 655/76/140 653/79/140 654/78/140
f 654/78/372 653/79/372 655/76/372
f 653/79/140 655/76/140 656/59/140
f 656/59/372 655/76/372 653/79/372
f 655/81/141 657/82/141 656/80/142
f 656/80/374 657/82/373 655/81/373
f 657/82/141 655/81/141 658/83/142
f 658/83/374 655/81/373 657/82/373
f 657/59/143 660/72/143 659/71/143
f 659/71/219 660/72/219 657/59/219
f 660/72/143 657/59/143 658/60/143
f 658/60/219 657/59/219 660/72/219
f 659/82/145 662/64/145 661/63/144
f 661/63/376 662/64/375 659/82/375
f 662/64/145 659/82/145 660/84/144
f 660/84/376 659/82/375 662/64/375
f 661/71/146 664/74/146 663/52/146
f 663/52/222 664/74/222 661/71/222
f 664/74/146 661/71/146 662/72/146
f 662/72/222 661/71/222 664/74/222
f 663/63/147 666/85/147 665/80/147
f 665/80/377 666/85/377 663/63/377
f 666/85/147 663/63/147 664/64/147
f 664/64/377 663/63/377 666/85/377
f 665/52/148 668/86/148 667/70/148
f 667/70/224 668/86/224 665/52/224
f 668/86/148 665/52/148 666/74/148
f 666/74/224 665/52/224 668/86/224
f 671/83/150 670/65/150 669/82/149
f 669/82/225 670/65/226 671/83/226
f 670/65/150 671/83/150 672/87/149
f 672/87/225 671/83/226 670/65/226
f 670/50/379 636/88/379 635/68/378
f 635/68/381 636/88/380 670/50/380
f 636/88/379 670/50/379 672/51/378
f 672/51/381 670/50/380 636/88/380
f 675/91/151 674/90/151 673/89/151
f 673/89/382 674/90/382 675/91/382
f 674/90/151 675/91/151 676/92/151
f 676/92/382 675/91/382 674/90/382
f 677/95/152 673/94/152 674/93/153
f 674/93/384 673/94/383 677/95/383
f 673/94/152 677/95/152 678/96/153
f 678/96/384 677/95/383 673/94/383
f 676/93/155 680/98/155 679/97/154
f 679/97/386 680/98/385 676/93/385
f 680/98/155 676/93/155 675/94/154
f 675/94/386 676/93/385 680/98/385
f 681/99/156 679/92/156 680/91/156
f 680/91/231 679/92/231 681/99/231
f 679/92/156 681/99/156 682/100/156
f 682/100/231 681/99/231 679/92/231
f 685/103/157 684/102/157 683/101/157
f 683/101/387 684/102/387 685/103/387
f 684/102/157 685/103/157 686/104/157
f 686/104/387 685/103/387 684/102/387
f 684/107/159 688/106/159 687/105/158
f 687/105/389 688/106/388 684/107/388
f 688/106/159 684/107/159 686/108/158
f 686/108/389 684/107/388 688/106/388
f 688/104/160 689/109/160 687/102/161
f 687/102/236 689/109/235 688/104/235
f 689/109/160 688/104/160 690/110/161
f 690/110/236 688/104/235 689/109/235
f 689/105/162 692/112/162 691/111/162
f 691/111/237 692/112/237 689/105/237
f 692/112/162 689/105/162 690/106/162
f 690/106/237 689/105/237 692/112/237
f 695/115/67 694/114/67 693/113/67
f 693/113/68 694/114/68 695/115/68
f 694/114/67 697/117/67 696/116/67
f 696/116/68 697/117/68 694/114/68
f 697/117/67 694/114/67 698/118/67
f 698/118/68 694/114/68 697/117/68
f 698/118/67 694/114/67 695/115/67
f 695/115/68 694/114/68 698/118/68
f 698/118/68 695/115/68 699/119/68
f 699/119/67 695/115/67 698/118/67
f 701/121/67 695/115/67 700/120/67
f 700/120/68 695/115/68 701/121/68
f 695/115/67 701/121/67 699/119/67
f 699/119/68 701/121/68 695/115/68
f 699/119/67 701/121/67 702/122/67
f 702/122/68 701/121/68 699/119/68
f 702/122/68 701/121/68 703/123/68
f 703/123/67 701/121/67 702/122/67
f 706/126/67 705/125/67 704/124/67
f 704/124/68 705/125/68 706/126/68
f 705/125/67 708/128/67 707/127/67
f 707/127/68 708/128/68 705/125/68
f 708/128/67 705/125/67 709/129/67
f 709/129/68 705/125/68 708/128/68
f 709/129/67 705/125/67 710/130/67
f 710/130/68 705/125/68 709/129/68
f 710/130/67 705/125/67 711/131/67
f 711/131/68 705/125/68 710/130/68
f 711/131/67 705/125/67 706/126/67
f 706/126/68 705/125/68 711/131/68
f 711/131/67 706/126/67 712/132/67
f 712/132/68 706/126/68 711/131/68
f 711/131/67 712/132/67 713/133/67
f 713/133/68 712/132/68 711/131/68
f 711/131/67 713/133/67 714/134/67
f 714/134/68 713/133/68 711/131/68
f 711/131/67 714/134/67 715/135/67
f 715/135/68 714/134/68 711/131/68
f 715/135/67 714/134/67 716/136/67
f 716/136/68 714/134/68 715/135/68
f 715/135/67 716/136/67 717/137/67
f 717/137/68 716/136/68 715/135/68
f 717/137/67 716/136/67 718/138/67
f 718/138/68 716/136/68 717/137/68
f 720/140/67 706/126/67 719/139/67
f 719/139/68 706/126/68 720/140/68
f 706/126/67 720/140/67 712/132/67
f 712/132/68 720/140/68 706/126/68
f 712/132/67 720/140/67 721/141/67
f 721/141/68 720/140/68 712/132/68
f 721/141/67 720/140/67 722/142/67
f 722/142/68 720/140/68 721/141/68
f 724/144/67 720/140/67 723/143/67
f 723/143/68 720/140/68 724/144/68
f 720/140/67 724/144/67 722/142/67
f 722/142/68 724/144/68 720/140/68
f 722/142/67 724/144/67 725/145/67
f 725/145/68 724/144/68 722/142/68
f 725/145/68 724/144/68 726/146/68
f 726/146/67 724/144/67 725/145/67
f 728/148/67 724/144/67 727/147/67
f 727/147/68 724/144/68 728/148/68
f 724/144/67 728/148/67 726/146/67
f 726/146/68 728/148/68 724/144/68
f 726/146/67 728/148/67 729/149/67
f 729/149/68 728/148/68 726/146/68
f 729/149/67 728/148/67 730/150/67
f 730/150/68 728/148/68 729/149/68
f 732/152/67 728/148/67 731/151/69
f 731/151/314 728/148/68 732/152/68
f 728/148/67 732/152/67 730/150/67
f 730/150/68 732/152/68 728/148/68
f 730/150/67 732/152/67 733/153/67
f 733/153/68 732/152/68 730/150/68
f 733/153/67 732/152/67 734/154/67
f 734/154/68 732/152/68 733/153/68
f 736/156/67 732/152/67 735/155/67
f 735/155/68 732/152/68 736/156/68
f 732/152/67 736/156/67 734/154/67
f 734/154/68 736/156/68 732/152/68
f 734/154/67 736/156/67 737/157/67
f 737/157/68 736/156/68 734/154/68
f 737/157/68 736/156/68 738/158/68
f 738/158/67 736/156/67 737/157/67
f 708/128/67 740/160/67 739/159/67
f 739/159/68 740/160/68 708/128/68
f 740/160/67 708/128/67 709/129/67
f 709/129/68 708/128/68 740/160/68
f 743/163/67 742/162/67 741/161/67
f 741/161/68 742/162/68 743/163/68
f 742/162/67 743/163/67 744/164/67
f 744/164/68 743/163/68 742/162/68
f 744/164/67 743/163/67 745/165/67
f 745/165/68 743/163/68 744/164/68
f 745/165/67 743/163/67 746/166/67
f 746/166/68 743/163/68 745/165/68
f 746/166/67 743/163/67 747/167/67
f 747/167/68 743/163/68 746/166/68
f 746/166/67 747/167/67 748/168/67
f 748/168/68 747/167/68 746/166/68
f 746/166/67 748/168/67 701/121/67
f 701/121/68 748/168/68 746/166/68
f 701/121/67 748/168/67 703/123/67
f 703/123/68 748/168/68 701/121/68
f 703/123/67 748/168/67 749/169/67
f 749/169/68 748/168/68 703/123/68
f 749/169/67 748/168/67 739/159/67
f 739/159/68 748/168/68 749/169/68
f 749/169/68 739/159/68 740/160/68
f 740/160/67 739/159/67 749/169/67
f 751/171/67 736/156/67 750/170/67
f 750/170/68 736/156/68 751/171/68
f 736/156/67 751/171/67 738/158/67
f 738/158/68 751/171/68 736/156/68
f 738/158/67 751/171/67 752/172/67
f 752/172/68 751/171/68 738/158/68
f 752/172/67 751/171/67 753/173/67
f 753/173/68 751/171/68 752/172/68
f 753/173/67 751/171/67 754/174/67
f 754/174/68 751/171/68 753/173/68
f 755/175/67 752/172/67 753/173/67
f 753/173/68 752/172/68 755/175/68
f 756/176/67 738/158/67 752/172/67
f 752/172/68 738/158/68 756/176/68
f 759/115/67 758/114/67 757/113/67
f 757/113/68 758/114/68 759/115/68
f 758/114/67 761/117/67 760/116/67
f 760/116/68 761/117/68 758/114/68
f 761/117/67 758/114/67 762/118/67
f 762/118/68 758/114/68 761/117/68
f 762/118/67 758/114/67 759/115/67
f 759/115/68 758/114/68 762/118/68
f 762/118/68 759/115/68 763/119/68
f 763/119/67 759/115/67 762/118/67
f 765/121/67 759/115/67 764/120/67
f 764/120/68 759/115/68 765/121/68
f 759/115/67 765/121/67 763/119/67
f 763/119/68 765/121/68 759/115/68
f 763/119/67 765/121/67 766/122/67
f 766/122/68 765/121/68 763/119/68
f 766/122/68 765/121/68 767/123/68
f 767/123/67 765/121/67 766/122/67
f 770/126/67 769/125/67 768/124/67
f 768/124/68 769/125/68 770/126/68
f 769/125/67 772/128/67 771/127/67
f 771/127/68 772/128/68 769/125/68
f 772/128/67 769/125/67 773/129/67
f 773/129/68 769/125/68 772/128/68
f 773/129/67 769/125/67 774/130/67
f 774/130/68 769/125/68 773/129/68
f 774/130/67 769/125/67 775/131/67
f 775/131/68 769/125/68 774/130/68
f 775/131/67 769/125/67 770/126/67
f 770/126/68 769/125/68 775/131/68
f 775/131/67 770/126/67 776/132/67
f 776/132/68 770/126/68 775/131/68
f 775/131/67 776/132/67 777/133/67
f 777/133/68 776/132/68 775/131/68
f 775/131/67 777/133/67 778/134/67
f 778/134/68 777/133/68 775/131/68
f 775/131/67 778/134/67 779/135/67
f 779/135/68 778/134/68 775/131/68
f 779/135/67 778/134/67 780/136/67
f 780/136/68 778/134/68 779/135/68
f 779/135/67 780/136/67 781/137/67
f 781/137/68 780/136/68 779/135/68
f 781/137/67 780/136/67 782/138/67
f 782/138/68 780/136/68 781/137/68
f 784/140/67 770/126/67 783/139/67
f 783/139/68 770/126/68 784/140/68
f 770/126/67 784/140/67 776/132/67
f 776/132/68 784/140/68 770/126/68
f 776/132/67 784/140/67 785/141/67
f 785/141/68 784/140/68 776/132/68
f 785/141/67 784/140/67 786/142/67
f 786/142/68 784/140/68 785/141/68
f 788/144/67 784/140/67 787/143/67
f 787/143/68 784/140/68 788/144/68
f 784/140/67 788/144/67 786/142/67
f 786/142/68 788/144/68 784/140/68
f 786/142/67 788/144/67 789/145/67
f 789/145/68 788/144/68 786/142/68
f 789/145/68 788/144/68 790/146/68
f 790/146/67 788/144/67 789/145/67
f 792/148/67 788/144/67 791/147/67
f 791/147/68 788/144/68 792/148/68
f 788/144/67 792/148/67 790/146/67
f 790/146/68 792/148/68 788/144/68
f 790/146/67 792/148/67 793/149/67
f 793/149/68 792/148/68 790/146/68
f 793/149/67 792/148/67 794/150/67
f 794/150/68 792/148/68 793/149/68
f 796/152/67 792/148/67 795/151/69
f 795/151/314 792/148/68 796/152/68
f 792/148/67 796/152/67 794/150/67
f 794/150/68 796/152/68 792/148/68
f 794/150/67 796/152/67 797/153/67
f 797/153/68 796/152/68 794/150/68
f 797/153/67 796/152/67 798/154/67
f 798/154/68 796/152/68 797/153/68
f 800/156/67 796/152/67 799/155/67
f 799/155/68 796/152/68 800/156/68
f 796/152/67 800/156/67 798/154/67
f 798/154/68 800/156/68 796/152/68
f 798/154/67 800/156/67 801/157/67
f 801/157/68 800/156/68 798/154/68
f 801/157/68 800/156/68 802/158/68
f 802/158/67 800/156/67 801/157/67
f 772/128/67 804/160/67 803/159/67
f 803/159/68 804/160/68 772/128/68
f 804/160/67 772/128/67 773/129/67
f 773/129/68 772/128/68 804/160/68
f 807/163/67 806/162/67 805/161/67
f 805/161/68 806/162/68 807/163/68
f 806/162/67 807/163/67 808/164/67
f 808/164/68 807/163/68 806/162/68
f 808/164/67 807/163/67 809/165/67
f 809/165/68 807/163/68 808/164/68
f 809/165/67 807/163/67 810/166/67
f 810/166/68 807/163/68 809/165/68
f 810/166/67 807/163/67 811/167/67
f 811/167/68 807/163/68 810/166/68
f 810/166/67 811/167/67 812/168/67
f 812/168/68 811/167/68 810/166/68
f 810/166/67 812/168/67 765/121/67
f 765/121/68 812/168/68 810/166/68
f 765/121/67 812/168/67 767/123/67
f 767/123/68 812/168/68 765/121/68
f 767/123/67 812/168/67 813/169/67
f 813/169/68 812/168/68 767/123/68
f 813/169/67 812/168/67 803/159/67
f 803/159/68 812/168/68 813/169/68
f 813/169/68 803/159/68 804/160/68
f 804/160/67 803/159/67 813/169/67
f 815/171/67 800/156/67 814/170/67
f 814/170/68 800/156/68 815/171/68
f 800/156/67 815/171/67 802/158/67
f 802/158/68 815/171/68 800/156/68
f 802/158/67 815/171/67 816/172/67
f 816/172/68 815/171/68 802/158/68
f 816/172/67 815/171/67 817/173/67
f 817/173/68 815/171/68 816/172/68
f 817/173/67 815/171/67 818/174/67
f 818/174/68 815/171/68 817/173/68
f 819/175/67 816/172/67 817/173/67
f 817/173/68 816/172/68 819/175/68
f 820/176/67 802/158/67 816/172/67
f 816/172/68 802/158/68 820/176/68
g item_damaged
f 822/179/71 821/178/70 825/177/74
f 826/180/75 822/179/71 825/177/74
f 824/181/73 822/179/71 826/180/75
f 828/182/77 824/181/73 826/180/75
f 823/183/72 824/181/73 828/182/77
f 827/184/76 823/183/72 828/182/77
f 821/178/70 823/183/72 827/184/76
f 825/177/74 821/178/70 827/184/76
f 827/187/76 828/186/77 826/185/75
f 825/188/74 827/187/76 826/185/75
f 833/191/82 829/190/78 830/189/79
f 834/192/83 833/191/82 830/189/79
f 834/192/83 830/189/79 832/193/81
f 836/194/85 834/192/83 832/193/81
f 836/194/85 832/193/81 831/195/80
f 835/196/84 836/194/85 831/195/80
f 835/196/84 831/195/80 829/190/78
f 833/191/82 835/196/84 829/190/78
f 834/199/83 836/198/85 835/197/84
f 833/200/82 834/199/83 835/197/84
f 839/3/86 838/2/86 837/1/86
f 837/1/315 838/2/315 839/3/315
f 838/2/86 839/3/86 840/4/86
f 840/4/315 839/3/315 838/2/315
f 841/7/87 837/6/87 838/5/88
f 838/5/165 837/6/164 841/7/164
f 837/6/87 841/7/87 842/8/88
f 842/8/165 841/7/164 837/6/164
f 845/9/89 844/4/89 843/3/89
f 843/3/316 844/4/316 845/9/316
f 844/4/89 845/9/89 846/10/89
f 846/10/316 845/9/316 844/4/316
f 840/5/318 843/9/318 844/11/317
f 844/11/320 843/9/319 840/5/319
f 843/9/318 840/5/318 839/6/317
f 839/6/320 840/5/319 843/9/319
f 842/1/90 848/13/90 847/12/90
f 847/12/321 848/13/321 842/1/321
f 848/13/90 842/1/90 841/2/90
f 841/2/321 842/1/321 848/13/321
f 849/14/91 847/8/91 848/7/92
f 848/7/323 847/8/322 849/14/322
f 847/8/91 849/14/91 850/15/92
f 850/15/323 849/14/322 847/8/322
f 850/12/94 852/17/94 851/16/93
f 851/16/325 852/17/324 850/12/324
f 852/17/94 850/12/94 849/13/93
f 849/13/325 850/12/324 852/17/324
f 855/5/96 854/8/96 853/6/95
f 853/6/327 854/8/326 855/5/326
f 854/8/96 855/5/96 856/7/95
f 856/7/327 855/5/326 854/8/326
f 857/18/97 851/15/97 852/14/98
f 852/14/329 851/15/328 857/18/328
f 851/15/97 857/18/97 858/19/98
f 858/19/329 857/18/328 851/15/328
f 859/19/99 855/20/99 853/15/99
f 853/15/330 855/20/330 859/19/330
f 855/20/99 859/19/99 860/21/99
f 860/21/330 859/19/330 855/20/330
f 854/15/100 862/22/100 861/8/100
f 861/8/331 862/22/331 854/15/331
f 862/22/100 854/15/100 856/20/100
f 856/20/331 854/15/331 862/22/331
f 862/7/101 863/15/101 861/8/101
f 861/8/332 863/15/332 862/7/332
f 863/15/101 862/7/101 864/14/101
f 864/14/332 862/7/332 863/15/332
f 867/6/102 866/10/102 865/9/102
f 865/9/333 866/10/333 867/6/333
f 866/10/102 867/6/102 868/23/102
f 868/23/333 867/6/333 866/10/333
f 846/11/334 865/3/334 866/24/334
f 866/24/335 865/3/335 846/11/335
f 865/3/334 846/11/334 845/9/334
f 845/9/335 846/11/335 865/3/335
f 858/16/103 870/26/103 869/25/103
f 869/25/180 870/26/180 858/16/180
f 870/26/103 858/16/103 857/17/103
f 857/17/180 858/16/180 870/26/180
f 871/27/104 869/19/104 870/18/104
f 870/18/336 869/19/336 871/27/336
f 869/19/104 871/27/104 872/28/104
f 872/28/336 871/27/336 869/19/336
f 875/31/106 874/30/106 873/29/105
f 873/29/182 874/30/183 875/31/183
f 874/30/106 875/31/106 876/32/105
f 876/32/182 875/31/183 874/30/183
f 874/33/107 877/12/107 873/16/107
f 873/16/184 877/12/184 874/33/184
f 877/12/107 874/33/107 878/34/107
f 878/34/184 874/33/184 877/12/184
f 880/36/109 875/16/109 879/35/108
f 879/35/185 875/16/186 880/36/186
f 875/16/109 880/36/109 876/33/108
f 876/33/185 880/36/186 875/16/186
f 883/34/111 882/1/111 881/12/110
f 881/12/338 882/1/337 883/34/337
f 882/1/111 883/34/111 884/37/110
f 884/37/338 883/34/337 882/1/337
f 877/29/189 883/39/189 881/38/189
f 881/38/112 883/39/112 877/29/112
f 883/39/189 877/29/189 878/30/189
f 878/30/112 877/29/112 883/39/112
f 887/40/112 886/28/112 885/27/112
f 885/27/189 886/28/189 887/40/189
f 886/28/112 887/40/112 888/41/112
f 888/41/189 887/40/189 886/28/189
f 888/43/113 890/42/113 889/35/113
f 889/35/190 890/42/190 888/43/190
f 890/42/113 888/43/113 887/44/113
f 887/44/190 888/43/190 890/42/190
f 880/45/339 889/41/339 890/40/339
f 890/40/340 889/41/340 880/45/340
f 889/41/339 880/45/339 879/31/339
f 879/31/340 880/45/340 889/41/340
f 872/25/342 885/44/342 886/43/341
f 886/43/344 885/44/343 872/25/343
f 885/44/342 872/25/342 871/26/341
f 871/26/344 872/25/343 885/44/343
f 882/38/114 892/46/114 891/41/114
f 891/41/345 892/46/345 882/38/345
f 892/46/114 882/38/114 884/39/114
f 884/39/345 882/38/345 892/46/345
f 892/37/115 893/3/115 891/1/116
f 891/1/347 893/3/346 892/37/346
f 893/3/115 892/37/115 894/24/116
f 894/24/347 892/37/346 893/3/346
f 893/41/118 896/47/118 895/28/117
f 895/28/349 896/47/348 893/41/348
f 896/47/118 893/41/118 894/46/117
f 894/46/349 893/41/348 896/47/348
f 896/24/119 897/9/119 895/3/119
f 895/3/350 897/9/350 896/24/350
f 897/9/119 896/24/119 898/11/119
f 898/11/350 896/24/350 897/9/350
f 897/28/120 900/21/120 899/19/120
f 899/19/351 900/21/351 897/28/351
f 900/21/120 897/28/120 898/47/120
f 898/47/351 897/28/351 900/21/351
f 900/11/352 859/6/352 899/9/352
f 899/9/353 859/6/353 900/11/353
f 859/6/352 900/11/352 860/5/352
f 860/5/353 900/11/353 859/6/353
f 863/8/121 902/23/121 901/6/121
f 901/6/354 902/23/354 863/8/354
f 902/23/121 863/8/121 864/22/121
f 864/22/354 863/8/354 902/23/354
f 905/50/123 904/49/123 903/48/122
f 903/48/356 904/49/355 905/50/355
f 904/49/123 905/50/123 906/51/122
f 906/51/356 905/50/355 904/49/355
f 909/54/124 908/53/124 907/52/124
f 907/52/357 908/53/357 909/54/357
f 908/53/124 909/54/124 910/55/124
f 910/55/357 909/54/357 908/53/357
f 909/57/125 912/48/125 911/56/125
f 911/56/358 912/48/358 909/57/358
f 912/48/125 909/57/125 907/58/125
f 907/58/358 909/57/358 912/48/358
f 915/61/126 914/60/126 913/59/126
f 913/59/204 914/60/204 915/61/204
f 914/60/126 915/61/126 916/62/126
f 916/62/204 915/61/204 914/60/204
f 919/65/128 918/64/128 917/63/127
f 917/63/205 918/64/206 919/65/206
f 918/64/128 919/65/128 920/66/127
f 920/66/205 919/65/206 918/64/206
f 921/56/129 917/68/129 918/67/129
f 918/67/207 917/68/207 921/56/207
f 917/68/129 921/56/129 922/48/129
f 922/48/207 921/56/207 917/68/207
f 923/69/130 908/58/130 910/57/131
f 910/57/360 908/58/359 923/69/359
f 908/58/130 923/69/130 924/70/131
f 924/70/360 923/69/359 908/58/359
f 927/54/132 926/70/132 925/69/132
f 925/69/361 926/70/361 927/54/361
f 926/70/132 927/54/132 928/52/132
f 928/52/361 927/54/361 926/70/361
f 929/59/133 906/72/133 905/71/133
f 905/71/210 906/72/210 929/59/210
f 906/72/133 929/59/133 930/60/133
f 930/60/210 929/59/210 906/72/210
f 913/58/362 930/51/362 929/50/362
f 929/50/363 930/51/363 913/58/363
f 930/51/362 913/58/362 914/73/362
f 914/73/363 913/58/363 930/51/363
f 903/71/364 911/74/364 912/52/364
f 912/52/365 911/74/365 903/71/365
f 911/74/364 903/71/364 904/72/364
f 904/72/365 903/71/365 911/74/365
f 923/55/366 926/71/366 924/53/366
f 924/53/367 926/71/367 923/55/367
f 926/71/366 923/55/366 925/75/366
f 925/75/367 923/55/367 926/71/367
f 933/76/135 932/61/135 931/59/134
f 931/59/369 932/61/368 933/76/368
f 932/61/135 933/76/135 934/77/134
f 934/77/369 933/76/368 932/61/368
f 935/78/136 932/71/136 934/75/137
f 934/75/214 932/71/213 935/78/213
f 932/71/136 935/78/136 936/79/137
f 936/79/214 935/78/213 932/71/213
f 935/77/138 937/80/138 936/61/139
f 936/61/371 937/80/370 935/77/370
f 937/80/138 935/77/138 938/81/139
f 938/81/371 935/77/370 937/80/370
f 939/76/140 937/79/140 938/78/140
f 938/78/372 937/79/372 939/76/372
f 937/79/140 939/76/140 940/59/140
f 940/59/372 939/76/372 937/79/372
f 939/81/141 941/82/141 940/80/142
f 940/80/374 941/82/373 939/81/373
f 941/82/141 939/81/141 942/83/142
f 942/83/374 939/81/373 941/82/373
f 941/59/143 944/72/143 943/71/143
f 943/71/219 944/72/219 941/59/219
f 944/72/143 941/59/143 942/60/143
f 942/60/219 941/59/219 944/72/219
f 943/82/145 946/64/145 945/63/144
f 945/63/376 946/64/375 943/82/375
f 946/64/145 943/82/145 944/84/144
f 944/84/376 943/82/375 946/64/375
f 945/71/146 948/74/146 947/52/146
f 947/52/222 948/74/222 945/71/222
f 948/74/146 945/71/146 946/72/146
f 946/72/222 945/71/222 948/74/222
f 947/63/147 950/85/147 949/80/147
f 949/80/377 950/85/377 947/63/377
f 950/85/147 947/63/147 948/64/147
f 948/64/377 947/63/377 950/85/377
f 949/52/148 952/86/148 951/70/148
f 951/70/224 952/86/224 949/52/224
f 952/86/148 949/52/148 950/74/148
f 950/74/224 949/52/224 952/86/224
f 955/83/150 954/65/150 953/82/149
f 953/82/225 954/65/226 955/83/226
f 954/65/150 955/83/150 956/87/149
f 956/87/225 955/83/226 954/65/226
f 954/50/379 920/88/379 919/68/378
f 919/68/381 920/88/380 954/50/380
f 920/88/379 954/50/379 956/51/378
f 956/51/381 954/50/380 920/88/380
f 959/91/151 958/90/151 957/89/151
f 957/89/382 958/90/382 959/91/382
f 958/90/151 959/91/151 960/92/151
f 960/92/382 959/91/382 958/90/382
f 961/95/152 957/94/152 958/93/153
f 958/93/384 957/94/383 961/95/383
f 957/94/152 961/95/152 962/96/153
f 962/96/384 961/95/383 957/94/383
f 960/93/155 964/98/155 963/97/154
f 963/97/386 964/98/385 960/93/385
f 964/98/155 960/93/155 959/94/154
f 959/94/386 960/93/385 964/98/385
f 965/99/156 963/92/156 964/91/156
f 964/91/231 963/92/231 965/99/231
f 963/92/156 965/99/156 966/100/156
f 966/100/231 965/99/231 963/92/231
f 969/103/157 968/102/157 967/101/157
f 967/101/387 968/102/387 969/103/387
f 968/102/157 969/103/157 970/104/157
f 970/104/387 969/103/387 968/102/387
f 968/107/159 972/106/159 971/105/158
f 971/105/389 972/106/388 968/107/388
f 972/106/159 968/107/159 970/108/158
f 970/108/389 968/107/388 972/106/388
f 972/104/160 973/109/160 971/102/161
f 971/102/236 973/109/235 972/104/235
f 973/109/160 972/104/160 974/110/161
f 974/110/236 972/104/235 973/109/235
f 973/105/162 976/112/162 975/111/162
f 975/111/237 976/112/237 973/105/237
f 976/112/162 973/105/162 974/106/162
f 974/106/237 973/105/237 976/112/237
f 979/115/67 978/114/67 977/113/67
f 977/113/68 978/114/68 979/115/68
f 978/114/67 981/117/67 980/116/67
f 980/116/68 981/117/68 978/114/68
f 981/117/67 978/114/67 982/118/67
f 982/118/68 978/114/68 981/117/68
f 982/118/67 978/114/67 979/115/67
f 979/115/68 978/114/68 982/118/68
f 982/118/68 979/115/68 983/119/68
f 983/119/67 979/115/67 982/118/67
f 985/121/67 979/115/67 984/120/67
f 984/120/68 979/115/68 985/121/68
f 979/115/67 985/121/67 983/119/67
f 983/119/68 985/121/68 979/115/68
f 983/119/67 985/121/67 986/122/67
f 986/122/68 985/121/68 983/119/68
f 986/122/68 985/121/68 987/123/68
f 987/123/67 985/121/67 986/122/67
f 990/126/67 989/125/67 988/124/67
f 988/124/68 989/125/68 990/126/68
f 989/125/67 992/128/67 991/127/67
f 991/127/68 992/128/68 989/125/68
f 992/128/67 989/125/67 993/129/67
f 993/129/68 989/125/68 992/128/68
f 993/129/67 989/125/67 994/130/67
f 994/130/68 989/125/68 993/129/68
f 994/130/67 989/125/67 995/131/67
f 995/131/68 989/125/68 994/130/68
f 995/131/67 989/125/67 990/126/67
f 990/126/68 989/125/68 995/131/68
f 995/131/67 990/126/67 996/132/67
f 996/132/68 990/126/68 995/131/68
f 995/131/67 996/132/67 997/133/67
f 997/133/68 996/132/68 995/131/68
f 995/131/67 997/133/67 998/134/67
f 998/134/68 997/133/68 995/131/68
f 995/131/67 998/134/67 999/135/67
f 999/135/68 998/134/68 995/131/68
f 999/135/67 998/134/67 1000/136/67
f 1000/136/68 998/134/68 999/135/68
f 999/135/67 1000/136/67 1001/137/67
f 1001/137/68 1000/136/68 999/135/68
f 1001/137/67 1000/136/67 1002/138/67
f 1002/138/68 1000/136/68 1001/137/68
f 1004/140/67 990/126/67 1003/139/67
f 1003/139/68 990/126/68 1004/140/68
f 990/126/67 1004/140/67 996/132/67
f 996/132/68 1004/140/68 990/126/68
f 996/132/67 1004/140/67 1005/141/67
f 1005/141/68 1004/140/68 996/132/68
f 1005/141/67 1004/140/67 1006/142/67
f 1006/142/68 1004/140/68 1005/141/68
f 1008/144/67 1004/140/67 1007/143/67
f 1007/143/68 1004/140/68 1008/144/68
f 1004/140/67 1008/144/67 1006/142/67
f 1006/142/68 1008/144/68 1004/140/68
f 1006/142/67 1008/144/67 1009/145/67
f 1009/145/68 1008/144/68 1006/142/68
f 1009/145/68 1008/144/68 1010/146/68
f 1010/146/67 1008/144/67 1009/145/67
f 1012/148/67 1008/144/67 1011/147/67
f 1011/147/68 1008/144/68 1012/148/68
f 1008/144/67 1012/148/67 1010/146/67
f 1010/146/68 1012/148/68 1008/144/68
f 1010/146/67 1012/148/67 1013/149/67
f 1013/149/68 1012/148/68 1010/146/68
f 1013/149/67 1012/148/67 1014/150/67
f 1014/150/68 1012/148/68 1013/149/68
f 1016/152/67 1012/148/67 1015/151/69
f 1015/151/314 1012/148/68 1016/152/68
f 1012/148/67 1016/152/67 1014/150/67
f 1014/150/68 1016/152/68 1012/148/68
f 1014/150/67 1016/152/67 1017/153/67
f 1017/153/68 1016/152/68 1014/150/68
f 1017/153/67 1016/152/67 1018/154/67
f 1018/154/68 1016/152/68 1017/153/68
f 1020/156/67 1016/152/67 1019/155/67
f 1019/155/68 1016/152/68 1020/156/68
f 1016/152/67 1020/156/67 1018/154/67
f 1018/154/68 1020/156/68 1016/152/68
f 1018/154/67 1020/156/67 1021/157/67
f 1021/157/68 1020/156/68 1018/154/68
f 1021/157/68 1020/156/68 1022/158/68
f 1022/158/67 1020/156/67 1021/157/67
f 992/128/67 1024/160/67 1023/159/67
f 1023/159/68 1024/160/68 992/128/68
f 1024/160/67 992/128/67 993/129/67
f 993/129/68 992/128/68 1024/160/68
f 1027/163/67 1026/162/67 1025/161/67
f 1025/161/68 1026/162/68 1027/163/68
f 1026/162/67 1027/163/67 1028/164/67
f 1028/164/68 1027/163/68 1026/162/68
f 1028/164/67 1027/163/67 1029/165/67
f 1029/165/68 1027/163/68 1028/164/68
f 1029/165/67 1027/163/67 1030/166/67
f 1030/166/68 1027/163/68 1029/165/68
f 1030/166/67 1027/163/67 1031/167/67
f 1031/167/68 1027/163/68 1030/166/68
f 1030/166/67 1031/167/67 1032/168/67
f 1032/168/68 1031/167/68 1030/166/68
f 1030/166/67 1032/168/67 985/121/67
f 985/121/68 1032/168/68 1030/166/68
f 985/121/67 1032/168/67 987/123/67
f 987/123/68 1032/168/68 985/121/68
f 987/123/67 1032/168/67 1033/169/67
f 1033/169/68 1032/168/68 987/123/68
f 1033/169/67 1032/168/67 1023/159/67
f 1023/159/68 1032/168/68 1033/169/68
f 1033/169/68 1023/159/68 1024/160/68
f 1024/160/67 1023/159/67 1033/169/67
f 1035/171/67 1020/156/67 1034/170/67
f 1034/170/68 1020/156/68 1035/171/68
f 1020/156/67 1035/171/67 1022/158/67
f 1022/158/68 1035/171/68 1020/156/68
f 1022/158/67 1035/171/67 1036/172/67
f 1036/172/68 1035/171/68 1022/158/68
f 1036/172/67 1035/171/67 1037/173/67
f 1037/173/68 1035/171/68 1036/172/68
f 1037/173/67 1035/171/67 1038/174/67
f 1038/174/68 1035/171/68 1037/173/68
f 1039/175/67 1036/172/67 1037/173/67
f 1037/173/68 1036/172/68 1039/175/68
f 1040/176/67 1022/158/67 1036/172/67
f 1036/172/68 1022/158/68 1040/176/68
f 1043/115/67 1042/114/67 1041/113/67
f 1041/113/68 1042/114/68 1043/115/68
f 1042/114/67 1045/117/67 1044/116/67
f 1044/116/68 1045/117/68 1042/114/68
f 1045/117/67 1042/114/67 1046/118/67
f 1046/118/68 1042/114/68 1045/117/68
f 1046/118/67 1042/114/67 1043/115/67
f 1043/115/68 1042/114/68 1046/118/68
f 1046/118/68 1043/115/68 1047/119/68
f 1047/119/67 1043/115/67 1046/118/67
f 1049/121/67 1043/115/67 1048/120/67
f 1048/120/68 1043/115/68 1049/121/68
f 1043/115/67 1049/121/67 1047/119/67
f 1047/119/68 1049/121/68 1043/115/68
f 1047/119/67 1049/121/67 1050/122/67
f 1050/122/68 1049/121/68 1047/119/68
f 1050/122/68 1049/121/68 1051/123/68
f 1051/123/67 1049/121/67 1050/122/67
f 1054/126/67 1053/125/67 1052/124/67
f 1052/124/68 1053/125/68 1054/126/68
f 1053/125/67 1056/128/67 1055/127/67
f 1055/127/68 1056/128/68 1053/125/68
f 1056/128/67 1053/125/67 1057/129/67
f 1057/129/68 1053/125/68 1056/128/68
f 1057/129/67 1053/125/67 1058/130/67
f 1058/130/68 1053/125/68 1057/129/68
f 1058/130/67 1053/125/67 1059/131/67
f 1059/131/68 1053/125/68 1058/130/68
f 1059/131/67 1053/125/67 1054/126/67
f 1054/126/68 1053/125/68 1059/131/68
f 1059/131/67 1054/126/67 1060/132/67
f 1060/132/68 1054/126/68 1059/131/68
f 1059/131/67 1060/132/67 1061/133/67
f 1061/133/68 1060/132/68 1059/131/68
f 1059/131/67 1061/133/67 1062/134/67
f 1062/134/68 1061/133/68 1059/131/68
f 1059/131/67 1062/134/67 1063/135/67
f 1063/135/68 1062/134/68 1059/131/68
f 1063/135/67 1062/134/67 1064/136/67
f 1064/136/68 1062/134/68 1063/135/68
f 1063/135/67 1064/136/67 1065/137/67
f 1065/137/68 1064/136/68 1063/135/68
f 1065/137/67 1064/136/67 1066/138/67
f 1066/138/68 1064/136/68 1065/137/68
f 1068/140/67 1054/126/67 1067/139/67
f 1067/139/68 1054/126/68 1068/140/68
f 1054/126/67 1068/140/67 1060/132/67
f 1060/132/68 1068/140/68 1054/126/68
f 1060/132/67 1068/140/67 1069/141/67
f 1069/141/68 1068/140/68 1060/132/68
f 1069/141/67 1068/140/67 1070/142/67
f 1070/142/68 1068/140/68 1069/141/68
f 1072/144/67 1068/140/67 1071/143/67
f 1071/143/68 1068/140/68 1072/144/68
f 1068/140/67 1072/144/67 1070/142/67
f 1070/142/68 1072/144/68 1068/140/68
f 1070/142/67 1072/144/67 1073/145/67
f 1073/145/68 1072/144/68 1070/142/68
f 1073/145/68 1072/144/68 1074/146/68
f 1074/146/67 1072/144/67 1073/145/67
f 1076/148/67 1072/144/67 1075/147/67
f 1075/147/68 1072/144/68 1076/148/68
f 1072/144/67 1076/148/67 1074/146/67
f 1074/146/68 1076/148/68 1072/144/68
f 1074/146/67 1076/148/67 1077/149/67
f 1077/149/68 1076/148/68 1074/146/68
f 1077/149/67 1076/148/67 1078/150/67
f 1078/150/68 1076/148/68 1077/149/68
f 1080/152/67 1076/148/67 1079/151/69
f 1079/151/314 1076/148/68 1080/152/68
f 1076/148/67 1080/152/67 1078/150/67
f 1078/150/68 1080/152/68 1076/148/68
f 1078/150/67 1080/152/67 1081/153/67
f 1081/153/68 1080/152/68 1078/150/68
f 1081/153/67 1080/152/67 1082/154/67
f 1082/154/68 1080/152/68 1081/153/68
f 1084/156/67 1080/152/67 1083/155/67
f 1083/155/68 1080/152/68 1084/156/68
f 1080/152/67 1084/156/67 1082/154/67
f 1082/154/68 1084/156/68 1080/152/68
f 1082/154/67 1084/156/67 1085/157/67
f 1085/157/68 1084/156/68 1082/154/68
f 1085/157/68 1084/156/68 1086/158/68
f 1086/158/67 1084/156/67 1085/157/67
f 1056/128/67 1088/160/67 1087/159/67
f 1087/159/68 1088/160/68 1056/128/68
f 1088/160/67 1056/128/67 1057/129/67
f 1057/129/68 1056/128/68 1088/160/68
f 1091/163/67 1090/162/67 1089/161/67
f 1089/161/68 1090/162/68 1091/163/68
f 1090/162/67 1091/163/67 1092/164/67
f 1092/164/68 1091/163/68 1090/162/68
f 1092/164/67 1091/163/67 1093/165/67
f 1093/165/68 1091/163/68 1092/164/68
f 1093/165/67 1091/163/67 1094/166/67
f 1094/166/68 1091/163/68 1093/165/68
f 1094/166/67 1091/163/67 1095/167/67
f 1095/167/68 1091/163/68 1094/166/68
f 1094/166/67 1095/167/67 1096/168/67
f 1096/168/68 1095/167/68 1094/166/68
f 1094/166/67 1096/168/67 1049/121/67
f 1049/121/68 1096/168/68 1094/166/68
f 1049/121/67 1096/168/67 1051/123/67
f 1051/123/68 1096/168/68 1049/121/68
f 1051/123/67 1096/168/67 1097/169/67
f 1097/169/68 1096/168/68 1051/123/68
f 1097/169/67 1096/168/67 1087/159/67
f 1087/159/68 1096/168/68 1097/169/68
f 1097/169/68 1087/159/68 1088/160/68
f 1088/160/67 1087/159/67 1097/169/67
f 1099/171/67 1084/156/67 1098/170/67
f 1098/170/68 1084/156/68 1099/171/68
f 1084/156/67 1099/171/67 1086/158/67
f 1086/158/68 1099/171/68 1084/156/68
f 1086/158/67 1099/171/67 1100/172/67
f 1100/172/68 1099/171/68 1086/158/68
f 1100/172/67 1099/171/67 1101/173/67
f 1101/173/68 1099/171/68 1100/172/68
f 1101/173/67 1099/171/67 1102/174/67
f 1102/174/68 1099/171/68 1101/173/68
f 1103/175/67 1100/172/67 1101/173/67
f 1101/173/68 1100/172/68 1103/175/68
f 1104/176/67 1086/158/67 1100/172/67
f 1100/172/68 1086/158/68 1104/176/68
g item_bladens
f 1106/179/71 1105/178/70 1109/177/74
f 1110/180/75 1106/179/71 1109/177/74
f 1108/181/73 1106/179/71 1110/180/75
f 1112/182/77 1108/181/73 1110/180/75
f 1107/183/72 1108/181/73 1112/182/77
f 1111/184/76 1107/183/72 1112/182/77
f 1105/178/70 1107/183/72 1111/184/76
f 1109/177/74 1105/178/70 1111/184/76
f 1111/187/76 1112/186/77 1110/185/75
f 1109/188/74 1111/187/76 1110/185/75
f 1117/191/82 1113/190/78 1114/189/79
f 1118/192/83 1117/191/82 1114/189/79
f 1118/192/83 1114/189/79 1116/193/81
f 1120/194/85 1118/192/83 1116/193/81
f 1120/194/85 1116/193/81 1115/195/80
f 1119/196/84 1120/194/85 1115/195/80
f 1119/196/84 1115/195/80 1113/190/78
f 1117/191/82 1119/196/84 1113/190/78
f 1118/199/83 1120/198/85 1119/197/84
f 1117/200/82 1118/199/83 1119/197/84
f 1123/3/163 1122/2/163 1121/1/163
f 1121/1/390 1122/2/390 1123/3/390
f 1122/2/163 1123/3/163 1124/4/163
f 1124/4/390 1123/3/390 1122/2/390
f 1125/7/164 1121/6/164 1122/5/165
f 1122/5/88 1121/6/87 1125/7/87
f 1121/6/164 1125/7/164 1126/8/165
f 1126/8/88 1125/7/87 1121/6/87
f 1129/9/166 1128/4/166 1127/3/166
f 1127/3/391 1128/4/391 1129/9/391
f 1128/4/166 1129/9/166 1130/10/166
f 1130/10/391 1129/9/391 1128/4/391
f 1124/5/392 1127/9/392 1128/11/392
f 1128/11/393 1127/9/393 1124/5/393
f 1127/9/392 1124/5/392 1123/6/392
f 1123/6/393 1124/5/393 1127/9/393
f 1126/1/167 1132/13/167 1131/12/167
f 1131/12/394 1132/13/394 1126/1/394
f 1132/13/167 1126/1/167 1125/2/167
f 1125/2/394 1126/1/394 1132/13/394
f 1133/14/168 1131/8/168 1132/7/169
f 1132/7/396 1131/8/395 1133/14/395
f 1131/8/168 1133/14/168 1134/15/169
f 1134/15/396 1133/14/395 1131/8/395
f 1134/12/171 1136/17/171 1135/16/170
f 1135/16/398 1136/17/397 1134/12/397
f 1136/17/171 1134/12/171 1133/13/170
f 1133/13/398 1134/12/397 1136/17/397
f 1139/5/173 1138/8/173 1137/6/172
f 1137/6/400 1138/8/399 1139/5/399
f 1138/8/173 1139/5/173 1140/7/172
f 1140/7/400 1139/5/399 1138/8/399
f 1141/18/174 1135/15/174 1136/14/175
f 1136/14/402 1135/15/401 1141/18/401
f 1135/15/174 1141/18/174 1142/19/175
f 1142/19/402 1141/18/401 1135/15/401
f 1143/19/176 1139/20/176 1137/15/176
f 1137/15/403 1139/20/403 1143/19/403
f 1139/20/176 1143/19/176 1144/21/176
f 1144/21/403 1143/19/403 1139/20/403
f 1138/15/177 1146/22/177 1145/8/177
f 1145/8/404 1146/22/404 1138/15/404
f 1146/22/177 1138/15/177 1140/20/177
f 1140/20/404 1138/15/404 1146/22/404
f 1146/7/178 1147/15/178 1145/8/178
f 1145/8/405 1147/15/405 1146/7/405
f 1147/15/178 1146/7/178 1148/14/178
f 1148/14/405 1146/7/405 1147/15/405
f 1151/6/179 1150/10/179 1149/9/179
f 1149/9/406 1150/10/406 1151/6/406
f 1150/10/179 1151/6/179 1152/23/179
f 1152/23/406 1151/6/406 1150/10/406
f 1130/11/407 1149/3/407 1150/24/407
f 1150/24/408 1149/3/408 1130/11/408
f 1149/3/407 1130/11/407 1129/9/407
f 1129/9/408 1130/11/408 1149/3/408
f 1142/16/180 1154/26/180 1153/25/180
f 1153/25/103 1154/26/103 1142/16/103
f 1154/26/180 1142/16/180 1141/17/180
f 1141/17/103 1142/16/103 1154/26/103
f 1155/27/181 1153/19/181 1154/18/181
f 1154/18/409 1153/19/409 1155/27/409
f 1153/19/181 1155/27/181 1156/28/181
f 1156/28/409 1155/27/409 1153/19/409
f 1159/31/183 1158/30/183 1157/29/182
f 1157/29/105 1158/30/106 1159/31/106
f 1158/30/183 1159/31/183 1160/32/182
f 1160/32/105 1159/31/106 1158/30/106
f 1158/33/184 1161/12/184 1157/16/184
f 1157/16/107 1161/12/107 1158/33/107
f 1161/12/184 1158/33/184 1162/34/184
f 1162/34/107 1158/33/107 1161/12/107
f 1164/36/186 1159/16/186 1163/35/185
f 1163/35/108 1159/16/109 1164/36/109
f 1159/16/186 1164/36/186 1160/33/185
f 1160/33/108 1164/36/109 1159/16/109
f 1167/34/188 1166/1/188 1165/12/187
f 1165/12/411 1166/1/410 1167/34/410
f 1166/1/188 1167/34/188 1168/37/187
f 1168/37/411 1167/34/410 1166/1/410
f 1161/29/112 1167/39/112 1165/38/112
f 1165/38/189 1167/39/189 1161/29/189
f 1167/39/112 1161/29/112 1162/30/112
f 1162/30/189 1161/29/189 1167/39/189
f 1171/40/189 1170/28/189 1169/27/189
f 1169/27/112 1170/28/112 1171/40/112
f 1170/28/189 1171/40/189 1172/41/189
f 1172/41/112 1171/40/112 1170/28/112
f 1172/43/190 1174/42/190 1173/35/190
f 1173/35/113 1174/42/113 1172/43/113
f 1174/42/190 1172/43/190 1171/44/190
f 1171/44/113 1172/43/113 1174/42/113
f 1164/45/340 1173/41/340 1174/40/340
f 1174/40/339 1173/41/339 1164/45/339
f 1173/41/340 1164/45/340 1163/31/340
f 1163/31/339 1164/45/339 1173/41/339
f 1156/25/343 1169/44/343 1170/43/344
f 1170/43/341 1169/44/342 1156/25/342
f 1169/44/343 1156/25/343 1155/26/344
f 1155/26/341 1156/25/342 1169/44/342
f 1166/38/191 1176/46/191 1175/41/191
f 1175/41/412 1176/46/412 1166/38/412
f 1176/46/191 1166/38/191 1168/39/191
f 1168/39/412 1166/38/412 1176/46/412
f 1176/37/192 1177/3/192 1175/1/193
f 1175/1/414 1177/3/413 1176/37/413
f 1177/3/192 1176/37/192 1178/24/193
f 1178/24/414 1176/37/413 1177/3/413
f 1177/41/195 1180/47/195 1179/28/194
f 1179/28/416 1180/47/415 1177/41/415
f 1180/47/195 1177/41/195 1178/46/194
f 1178/46/416 1177/41/415 1180/47/415
f 1180/24/196 1181/9/196 1179/3/196
f 1179/3/417 1181/9/417 1180/24/417
f 1181/9/196 1180/24/196 1182/11/196
f 1182/11/417 1180/24/417 1181/9/417
f 1181/28/197 1184/21/197 1183/19/197
f 1183/19/418 1184/21/418 1181/28/418
f 1184/21/197 1181/28/197 1182/47/197
f 1182/47/418 1181/28/418 1184/21/418
f 1184/11/353 1143/6/353 1183/9/353
f 1183/9/352 1143/6/352 1184/11/352
f 1143/6/353 1184/11/353 1144/5/353
f 1144/5/352 1184/11/352 1143/6/352
f 1147/8/198 1186/23/198 1185/6/198
f 1185/6/419 1186/23/419 1147/8/419
f 1186/23/198 1147/8/198 1148/22/198
f 1148/22/419 1147/8/419 1186/23/419
f 1189/50/200 1188/49/200 1187/48/199
f 1187/48/421 1188/49/420 1189/50/420
f 1188/49/200 1189/50/200 1190/51/199
f 1190/51/421 1189/50/420 1188/49/420
f 1193/54/201 1192/53/201 1191/52/201
f 1191/52/422 1192/53/422 1193/54/422
f 1192/53/201 1193/54/201 1194/55/201
f 1194/55/422 1193/54/422 1192/53/422
f 1193/57/203 1196/48/203 1195/56/202
f 1195/56/424 1196/48/423 1193/57/423
f 1196/48/203 1193/57/203 1191/58/202
f 1191/58/424 1193/57/423 1196/48/423
f 1199/61/204 1198/60/204 1197/59/204
f 1197/59/126 1198/60/126 1199/61/126
f 1198/60/204 1199/61/204 1200/62/204
f 1200/62/126 1199/61/126 1198/60/126
f 1203/65/206 1202/64/206 1201/63/205
f 1201/63/127 1202/64/128 1203/65/128
f 1202/64/206 1203/65/206 1204/66/205
f 1204/66/127 1203/65/128 1202/64/128
f 1205/56/207 1201/68/207 1202/67/207
f 1202/67/129 1201/68/129 1205/56/129
f 1201/68/207 1205/56/207 1206/48/207
f 1206/48/129 1205/56/129 1201/68/129
f 1207/69/208 1192/58/208 1194/57/208
f 1194/57/425 1192/58/425 1207/69/425
f 1192/58/208 1207/69/208 1208/70/208
f 1208/70/425 1207/69/425 1192/58/425
f 1211/54/209 1210/70/209 1209/69/209
f 1209/69/426 1210/70/426 1211/54/426
f 1210/70/209 1211/54/209 1212/52/209
f 1212/52/426 1211/54/426 1210/70/426
f 1213/59/210 1190/72/210 1189/71/210
f 1189/71/133 1190/72/133 1213/59/133
f 1190/72/210 1213/59/210 1214/60/210
f 1214/60/133 1213/59/133 1190/72/133
f 1197/58/427 1214/51/427 1213/50/427
f 1213/50/428 1214/51/428 1197/58/428
f 1214/51/427 1197/58/427 1198/73/427
f 1198/73/428 1197/58/428 1214/51/428
f 1187/71/365 1195/74/365 1196/52/365
f 1196/52/364 1195/74/364 1187/71/364
f 1195/74/365 1187/71/365 1188/72/365
f 1188/72/364 1187/71/364 1195/74/364
f 1207/55/367 1210/71/367 1208/53/367
f 1208/53/366 1210/71/366 1207/55/366
f 1210/71/367 1207/55/367 1209/75/367
f 1209/75/366 1207/55/366 1210/71/366
f 1217/76/212 1216/61/212 1215/59/211
f 1215/59/430 1216/61/429 1217/76/429
f 1216/61/212 1217/76/212 1218/77/211
f 1218/77/430 1217/76/429 1216/61/429
f 1219/78/213 1216/71/213 1218/75/214
f 1218/75/137 1216/71/136 1219/78/136
f 1216/71/213 1219/78/213 1220/79/214
f 1220/79/137 1219/78/136 1216/71/136
f 1219/77/215 1221/80/215 1220/61/215
f 1220/61/431 1221/80/431 1219/77/431
f 1221/80/215 1219/77/215 1222/81/215
f 1222/81/431 1219/77/431 1221/80/431
f 1223/76/216 1221/79/216 1222/78/216
f 1222/78/432 1221/79/432 1223/76/432
f 1221/79/216 1223/76/216 1224/59/216
f 1224/59/432 1223/76/432 1221/79/432
f 1223/81/217 1225/82/217 1224/80/218
f 1224/80/434 1225/82/433 1223/81/433
f 1225/82/217 1223/81/217 1226/83/218
f 1226/83/434 1223/81/433 1225/82/433
f 1225/59/219 1228/72/219 1227/71/219
f 1227/71/143 1228/72/143 1225/59/143
f 1228/72/219 1225/59/219 1226/60/219
f 1226/60/143 1225/59/143 1228/72/143
f 1227/82/221 1230/64/221 1229/63/220
f 1229/63/436 1230/64/435 1227/82/435
f 1230/64/221 1227/82/221 1228/84/220
f 1228/84/436 1227/82/435 1230/64/435
f 1229/71/222 1232/74/222 1231/52/222
f 1231/52/146 1232/74/146 1229/71/146
f 1232/74/222 1229/71/222 1230/72/222
f 1230/72/146 1229/71/146 1232/74/146
f 1231/63/223 1234/85/223 1233/80/223
f 1233/80/437 1234/85/437 1231/63/437
f 1234/85/223 1231/63/223 1232/64/223
f 1232/64/437 1231/63/437 1234/85/437
f 1233/52/224 1236/86/224 1235/70/224
f 1235/70/148 1236/86/148 1233/52/148
f 1236/86/224 1233/52/224 1234/74/224
f 1234/74/148 1233/52/148 1236/86/148
f 1239/83/226 1238/65/226 1237/82/225
f 1237/82/149 1238/65/150 1239/83/150
f 1238/65/226 1239/83/226 1240/87/225
f 1240/87/149 1239/83/150 1238/65/150
f 1238/50/380 1204/88/380 1203/68/381
f 1203/68/378 1204/88/379 1238/50/379
f 1204/88/380 1238/50/380 1240/51/381
f 1240/51/378 1238/50/379 1204/88/379
f 1243/91/227 1242/90/227 1241/89/227
f 1241/89/438 1242/90/438 1243/91/438
f 1242/90/227 1243/91/227 1244/92/227
f 1244/92/438 1243/91/438 1242/90/438
f 1245/95/228 1241/94/228 1242/93/228
f 1242/93/439 1241/94/439 1245/95/439
f 1241/94/228 1245/95/228 1246/96/228
f 1246/96/439 1245/95/439 1241/94/439
f 1244/93/230 1248/98/230 1247/97/229
f 1247/97/441 1248/98/440 1244/93/440
f 1248/98/230 1244/93/230 1243/94/229
f 1243/94/441 1244/93/440 1248/98/440
f 1249/99/231 1247/92/231 1248/91/231
f 1248/91/156 1247/92/156 1249/99/156
f 1247/92/231 1249/99/231 1250/100/231
f 1250/100/156 1249/99/156 1247/92/156
f 1253/103/232 1252/102/232 1251/101/232
f 1251/101/442 1252/102/442 1253/103/442
f 1252/102/232 1253/103/232 1254/104/232
f 1254/104/442 1253/103/442 1252/102/442
f 1252/107/234 1256/106/234 1255/105/233
f 1255/105/444 1256/106/443 1252/107/443
f 1256/106/234 1252/107/234 1254/108/233
f 1254/108/444 1252/107/443 1256/106/443
f 1256/104/235 1257/109/235 1255/102/236
f 1255/102/161 1257/109/160 1256/104/160
f 1257/109/235 1256/104/235 1258/110/236
f 1258/110/161 1256/104/160 1257/109/160
f 1257/105/237 1260/112/237 1259/111/237
f 1259/111/162 1260/112/162 1257/105/162
f 1260/112/237 1257/105/237 1258/106/237
f 1258/106/162 1257/105/162 1260/112/162
f 1263/115/67 1262/114/67 1261/113/67
f 1261/113/68 1262/114/68 1263/115/68
f 1262/114/67 1265/117/67 1264/116/67
f 1264/116/68 1265/117/68 1262/114/68
f 1265/117/67 1262/114/67 1266/118/67
f 1266/118/68 1262/114/68 1265/117/68
f 1266/118/67 1262/114/67 1263/115/67
f 1263/115/68 1262/114/68 1266/118/68
f 1266/118/68 1263/115/68 1267/119/68
f 1267/119/67 1263/115/67 1266/118/67
f 1269/121/67 1263/115/67 1268/120/67
f 1268/120/68 1263/115/68 1269/121/68
f 1263/115/67 1269/121/67 1267/119/67
f 1267/119/68 1269/121/68 1263/115/68
f 1267/119/67 1269/121/67 1270/122/67
f 1270/122/68 1269/121/68 1267/119/68
f 1270/122/68 1269/121/68 1271/123/68
f 1271/123/67 1269/121/67 1270/122/67
f 1274/126/67 1273/125/67 1272/124/67
f 1272/124/68 1273/125/68 1274/126/68
f 1273/125/67 1276/128/67 1275/127/67
f 1275/127/68 1276/128/68 1273/125/68
f 1276/128/67 1273/125/67 1277/129/67
f 1277/129/68 1273/125/68 1276/128/68
f 1277/129/67 1273/125/67 1278/130/67
f 1278/130/68 1273/125/68 1277/129/68
f 1278/130/67 1273/125/67 1279/131/67
f 1279/131/68 1273/125/68 1278/130/68
f 1279/131/67 1273/125/67 1274/126/67
f 1274/126/68 1273/125/68 1279/131/68
f 1279/131/67 1274/126/67 1280/132/67
f 1280/132/68 1274/126/68 1279/131/68
f 1279/131/67 1280/132/67 1281/133/67
f 1281/133/68 1280/132/68 1279/131/68
f 1279/131/67 1281/133/67 1282/134/67
f 1282/134/68 1281/133/68 1279/131/68
f 1279/131/67 1282/134/67 1283/135/67
f 1283/135/68 1282/134/68 1279/131/68
f 1283/135/67 1282/134/67 1284/136/67
f 1284/136/68 1282/134/68 1283/135/68
f 1283/135/67 1284/136/67 1285/137/67
f 1285/137/68 1284/136/68 1283/135/68
f 1285/137/67 1284/136/67 1286/138/67
f 1286/138/68 1284/136/68 1285/137/68
f 1288/140/67 1274/126/67 1287/139/67
f 1287/139/68 1274/126/68 1288/140/68
f 1274/126/67 1288/140/67 1280/132/67
f 1280/132/68 1288/140/68 1274/126/68
f 1280/132/67 1288/140/67 1289/141/67
f 1289/141/68 1288/140/68 1280/132/68
f 1289/141/67 1288/140/67 1290/142/67
f 1290/142/68 1288/140/68 1289/141/68
f 1292/144/67 1288/140/67 1291/143/67
f 1291/143/68 1288/140/68 1292/144/68
f 1288/140/67 1292/144/67 1290/142/67
f 1290/142/68 1292/144/68 1288/140/68
f 1290/142/67 1292/144/67 1293/145/67
f 1293/145/68 1292/144/68 1290/142/68
f 1293/145/68 1292/144/68 1294/146/68
f 1294/146/67 1292/144/67 1293/145/67
f 1296/148/67 1292/144/67 1295/147/67
f 1295/147/68 1292/144/68 1296/148/68
f 1292/144/67 1296/148/67 1294/146/67
f 1294/146/68 1296/148/68 1292/144/68
f 1294/146/67 1296/148/67 1297/149/67
f 1297/149/68 1296/148/68 1294/146/68
f 1297/149/67 1296/148/67 1298/150/67
f 1298/150/68 1296/148/68 1297/149/68
f 1300/152/67 1296/148/67 1299/151/69
f 1299/151/314 1296/148/68 1300/152/68
f 1296/148/67 1300/152/67 1298/150/67
f 1298/150/68 1300/152/68 1296/148/68
f 1298/150/67 1300/152/67 1301/153/67
f 1301/153/68 1300/152/68 1298/150/68
f 1301/153/67 1300/152/67 1302/154/67
f 1302/154/68 1300/152/68 1301/153/68
f 1304/156/67 1300/152/67 1303/155/67
f 1303/155/68 1300/152/68 1304/156/68
f 1300/152/67 1304/156/67 1302/154/67
f 1302/154/68 1304/156/68 1300/152/68
f 1302/154/67 1304/156/67 1305/157/67
f 1305/157/68 1304/156/68 1302/154/68
f 1305/157/68 1304/156/68 1306/158/68
f 1306/158/67 1304/156/67 1305/157/67
f 1276/128/67 1308/160/67 1307/159/67
f 1307/159/68 1308/160/68 1276/128/68
f 1308/160/67 1276/128/67 1277/129/67
f 1277/129/68 1276/128/68 1308/160/68
f 1311/163/67 1310/162/67 1309/161/67
f 1309/161/68 1310/162/68 1311/163/68
f 1310/162/67 1311/163/67 1312/164/67
f 1312/164/68 1311/163/68 1310/162/68
f 1312/164/67 1311/163/67 1313/165/67
f 1313/165/68 1311/163/68 1312/164/68
f 1313/165/67 1311/163/67 1314/166/67
f 1314/166/68 1311/163/68 1313/165/68
f 1314/166/67 1311/163/67 1315/167/67
f 1315/167/68 1311/163/68 1314/166/68
f 1314/166/67 1315/167/67 1316/168/67
f 1316/168/68 1315/167/68 1314/166/68
f 1314/166/67 1316/168/67 1269/121/67
f 1269/121/68 1316/168/68 1314/166/68
f 1269/121/67 1316/168/67 1271/123/67
f 1271/123/68 1316/168/68 1269/121/68
f 1271/123/67 1316/168/67 1317/169/67
f 1317/169/68 1316/168/68 1271/123/68
f 1317/169/67 1316/168/67 1307/159/67
f 1307/159/68 1316/168/68 1317/169/68
f 1317/169/68 1307/159/68 1308/160/68
f 1308/160/67 1307/159/67 1317/169/67
f 1319/171/67 1304/156/67 1318/170/67
f 1318/170/68 1304/156/68 1319/171/68
f 1304/156/67 1319/171/67 1306/158/67
f 1306/158/68 1319/171/68 1304/156/68
f 1306/158/67 1319/171/67 1320/172/67
f 1320/172/68 1319/171/68 1306/158/68
f 1320/172/67 1319/171/67 1321/173/67
f 1321/173/68 1319/171/68 1320/172/68
f 1321/173/67 1319/171/67 1322/174/67
f 1322/174/68 1319/171/68 1321/173/68
f 1323/175/67 1320/172/67 1321/173/67
f 1321/173/68 1320/172/68 1323/175/68
f 1324/176/67 1306/158/67 1320/172/67
f 1320/172/68 1306/158/68 1324/176/68
f 1327/115/67 1326/114/67 1325/113/67
f 1325/113/68 1326/114/68 1327/115/68
f 1326/114/67 1329/117/67 1328/116/67
f 1328/116/68 1329/117/68 1326/114/68
f 1329/117/67 1326/114/67 1330/118/67
f 1330/118/68 1326/114/68 1329/117/68
f 1330/118/67 1326/114/67 1327/115/67
f 1327/115/68 1326/114/68 1330/118/68
f 1330/118/68 1327/115/68 1331/119/68
f 1331/119/67 1327/115/67 1330/118/67
f 1333/121/67 1327/115/67 1332/120/67
f 1332/120/68 1327/115/68 1333/121/68
f 1327/115/67 1333/121/67 1331/119/67
f 1331/119/68 1333/121/68 1327/115/68
f 1331/119/67 1333/121/67 1334/122/67
f 1334/122/68 1333/121/68 1331/119/68
f 1334/122/68 1333/121/68 1335/123/68
f 1335/123/67 1333/121/67 1334/122/67
f 1338/126/67 1337/125/67 1336/124/67
f 1336/124/68 1337/125/68 1338/126/68
f 1337/125/67 1340/128/67 1339/127/67
f 1339/127/68 1340/128/68 1337/125/68
f 1340/128/67 1337/125/67 1341/129/67
f 1341/129/68 1337/125/68 1340/128/68
f 1341/129/67 1337/125/67 1342/130/67
f 1342/130/68 1337/125/68 1341/129/68
f 1342/130/67 1337/125/67 1343/131/67
f 1343/131/68 1337/125/68 1342/130/68
f 1343/131/67 1337/125/67 1338/126/67
f 1338/126/68 1337/125/68 1343/131/68
f 1343/131/67 1338/126/67 1344/132/67
f 1344/132/68 1338/126/68 1343/131/68
f 1343/131/67 1344/132/67 1345/133/67
f 1345/133/68 1344/132/68 1343/131/68
f 1343/131/67 1345/133/67 1346/134/67
f 1346/134/68 1345/133/68 1343/131/68
f 1343/131/67 1346/134/67 1347/135/67
f 1347/135/68 1346/134/68 1343/131/68
f 1347/135/67 1346/134/67 1348/136/67
f 1348/136/68 1346/134/68 1347/135/68
f 1347/135/67 1348/136/67 1349/137/67
f 1349/137/68 1348/136/68 1347/135/68
f 1349/137/67 1348/136/67 1350/138/67
f 1350/138/68 1348/136/68 1349/137/68
f 1352/140/67 1338/126/67 1351/139/67
f 1351/139/68 1338/126/68 1352/140/68
f 1338/126/67 1352/140/67 1344/132/67
f 1344/132/68 1352/140/68 1338/126/68
f 1344/132/67 1352/140/67 1353/141/67
f 1353/141/68 1352/140/68 1344/132/68
f 1353/141/67 1352/140/67 1354/142/67
f 1354/142/68 1352/140/68 1353/141/68
f 1356/144/67 1352/140/67 1355/143/67
f 1355/143/68 1352/140/68 1356/144/68
f 1352/140/67 1356/144/67 1354/142/67
f 1354/142/68 1356/144/68 1352/140/68
f 1354/142/67 1356/144/67 1357/145/67
f 1357/145/68 1356/144/68 1354/142/68
f 1357/145/68 1356/144/68 1358/146/68
f 1358/146/67 1356/144/67 1357/145/67
f 1360/148/67 1356/144/67 1359/147/67
f 1359/147/68 1356/144/68 1360/148/68
f 1356/144/67 1360/148/67 1358/146/67
f 1358/146/68 1360/148/68 1356/144/68
f 1358/146/67 1360/148/67 1361/149/67
f 1361/149/68 1360/148/68 1358/146/68
f 1361/149/67 1360/148/67 1362/150/67
f 1362/150/68 1360/148/68 1361/149/68
f 1364/152/67 1360/148/67 1363/151/69
f 1363/151/314 1360/148/68 1364/152/68
f 1360/148/67 1364/152/67 1362/150/67
f 1362/150/68 1364/152/68 1360/148/68
f 1362/150/67 1364/152/67 1365/153/67
f 1365/153/68 1364/152/68 1362/150/68
f 1365/153/67 1364/152/67 1366/154/67
f 1366/154/68 1364/152/68 1365/153/68
f 1368/156/67 1364/152/67 1367/155/67
f 1367/155/68 1364/152/68 1368/156/68
f 1364/152/67 1368/156/67 1366/154/67
f 1366/154/68 1368/156/68 1364/152/68
f 1366/154/67 1368/156/67 1369/157/67
f 1369/157/68 1368/156/68 1366/154/68
f 1369/157/68 1368/156/68 1370/158/68
f 1370/158/67 1368/156/67 1369/157/67
f 1340/128/67 1372/160/67 1371/159/67
f 1371/159/68 1372/160/68 1340/128/68
f 1372/160/67 1340/128/67 1341/129/67
f 1341/129/68 1340/128/68 1372/160/68
f 1375/163/67 1374/162/67 1373/161/67
f 1373/161/68 1374/162/68 1375/163/68
f 1374/162/67 1375/163/67 1376/164/67
f 1376/164/68 1375/163/68 1374/162/68
f 1376/164/67 1375/163/67 1377/165/67
f 1377/165/68 1375/163/68 1376/164/68
f 1377/165/67 1375/163/67 1378/166/67
f 1378/166/68 1375/163/68 1377/165/68
f 1378/166/67 1375/163/67 1379/167/67
f 1379/167/68 1375/163/68 1378/166/68
f 1378/166/67 1379/167/67 1380/168/67
f 1380/168/68 1379/167/68 1378/166/68
f 1378/166/67 1380/168/67 1333/121/67
f 1333/121/68 1380/168/68 1378/166/68
f 1333/121/67 1380/168/67 1335/123/67
f 1335/123/68 1380/168/68 1333/121/68
f 1335/123/67 1380/168/67 1381/169/67
f 1381/169/68 1380/168/68 1335/123/68
f 1381/169/67 1380/168/67 1371/159/67
f 1371/159/68 1380/168/68 1381/169/68
f 1381/169/68 1371/159/68 1372/160/68
f 1372/160/67 1371/159/67 1381/169/67
f 1383/171/67 1368/156/67 1382/170/67
f 1382/170/68 1368/156/68 1383/171/68
f 1368/156/67 1383/171/67 1370/158/67
f 1370/158/68 1383/171/68 1368/156/68
f 1370/158/67 1383/171/67 1384/172/67
f 1384/172/68 1383/171/68 1370/158/68
f 1384/172/67 1383/171/67 1385/173/67
f 1385/173/68 1383/171/68 1384/172/68
f 1385/173/67 1383/171/67 1386/174/67
f 1386/174/68 1383/171/68 1385/173/68
f 1387/175/67 1384/172/67 1385/173/67
f 1385/173/68 1384/172/68 1387/175/68
f 1388/176/67 1370/158/67 1384/172/67
f 1384/172/68 1370/158/68 1388/176/68
f 1389/13/238 1390/12/238 1392/17/238
f 1395/5/8 1394/8/8 1393/6/8
f 1394/8/8 1395/5/8 1396/7/8
f 1397/18/9 1391/15/9 1392/14/9
f 1391/15/9 1397/18/9 1398/19/9
f 1393/15/239 1395/20/239 1399/19/239
f 1400/21/239 1399/19/239 1395/20/239
f 1397/17/240 1398/16/240 1402/26/240
f 1403/27/15 1401/19/15 1402/18/15
f 1401/19/15 1403/27/15 1404/28/15
f 1405/29/241 1406/30/241 1407/31/241
f 1408/32/241 1407/31/241 1406/30/241
f 1405/16/242 1409/12/242 1406/33/242
f 1415/34/20 1414/1/20 1413/12/19
f 1414/1/20 1415/34/20 1416/37/19
f 1413/38/243 1415/39/266 1409/29/266
f 1410/30/243 1409/29/266 1415/39/266
f 1419/40/21 1418/28/21 1417/27/21
f 1418/28/21 1419/40/21 1420/41/21
f 1421/35/244 1422/42/244 1420/43/244
f 1419/44/244 1420/43/244 1422/42/244
f 1421/41/46 1412/45/46 1411/31/46
f 1418/43/272 1417/44/271 1404/25/271
f 1403/26/272 1404/25/271 1417/44/271
f 1423/41/245 1424/46/245 1414/38/245
f 1416/39/245 1414/38/245 1424/46/245
f 1424/37/24 1425/3/24 1423/1/24
f 1425/3/24 1424/37/24 1426/24/24
f 1427/28/245 1428/47/245 1425/41/245
f 1426/46/245 1425/41/245 1428/47/245
f 1428/24/25 1429/9/25 1427/3/25
f 1429/9/25 1428/24/25 1430/11/25
f 1431/19/246 1432/21/246 1429/28/246
f 1430/47/246 1429/28/246 1432/21/246
f 1432/11/275 1399/6/275 1431/9/275
f 1399/6/275 1432/11/275 1400/5/275
f 1436/148/67 1433/144/67 1435/147/67
f 1433/144/67 1436/148/67 1434/146/67
f 1434/146/67 1436/148/67 1437/149/67
f 1437/149/67 1436/148/67 1438/150/67
f 1440/152/67 1436/148/67 1439/151/67
f 1436/148/67 1440/152/67 1438/150/67
f 1443/156/67 1440/152/67 1442/155/67
f 1441/154/67 1443/156/67 1444/157/67
f 1445/158/67 1443/156/67 1444/157/67
f 1447/171/67 1443/156/67 1446/170/69
f 1445/158/67 1447/171/67 1448/172/67
f 1448/172/67 1447/171/67 1449/173/67
f 1449/173/67 1447/171/67 1450/174/67
f 1451/175/67 1448/172/67 1449/173/67
f 1452/176/67 1445/158/67 1448/172/67
f 1455/146/67 1453/144/67 1454/145/67
f 1457/148/67 1453/144/67 1456/147/67
f 1453/144/67 1457/148/67 1455/146/67
f 1455/146/67 1457/148/67 1458/149/67
f 1458/149/67 1457/148/67 1459/150/67
f 1461/152/67 1457/148/67 1460/151/67
f 1464/156/67 1461/152/67 1463/155/67
f 1462/154/67 1464/156/67 1465/157/67
f 1466/158/67 1464/156/67 1465/157/67
f 1469/175/67 1467/172/67 1468/173/67
f 1470/176/67 1466/158/67 1467/172/67
# 2642 elements

